route_cd,route_name,internal_route_cd,ETM route_name,ETM Stage Codes
MRG1,MARGAO-PANAJI via CORTALIM,MRG1,#REF!,#REF!
MRG1,MARGAO-PANAJI via CORTALIM,MRG169,#REF!,#REF!
MRG1,MARGAO-PANAJI via CORTALIM,PNJ1,#REF!,#REF!
MRG1,MARGAO-PANAJI via CORTALIM,PNJ131,#REF!,#REF!
MRG1,MARGAO-PANAJI via CORTALIM,PRV1,#REF!,#REF!
MRG1,MARGAO-PANAJI via CORTALIM,PRV193,#REF!,#REF!
MRG1,MARGAO-PANAJI via CORTALIM,PRV204,#REF!,#REF!
MRG1,MARGAO-PANAJI via CORTALIM,VSD39,#REF!,#REF!
MRG10,MARGAO-HARBOUR via BIRLA,MRG10,#REF!,#REF!
MRG10,MARGAO-HARBOUR via BIRLA,MRG174,#REF!,#REF!
MRG10,MARGAO-HARBOUR via BIRLA,VSD9,#REF!,#REF!
MRG100,PANAJI-CIPLA via CORTALIM,MRG100,#REF!,#REF!
MRG100,PANAJI-CIPLA via CORTALIM,PNJ88,#REF!,#REF!
MRG100,PANAJI-CIPLA via CORTALIM,PRV126,#REF!,#REF!
MRG100,PANAJI-CIPLA via CORTALIM,VSD32,#REF!,#REF!
MRG101,MARGAO-CIPLA via VERNA,MRG101,#REF!,#REF!
MRG101,MARGAO-CIPLA via VERNA,MRG185,#REF!,#REF!
MRG102,MARGAO-CIPLA via CORTALIM,MRG102,#REF!,#REF!
MRG103,CIPLA-CUNCOLIEM,MRG103,#REF!,#REF!
MRG104,CIPLA-SHIRODA via THANA,MRG104,#REF!,#REF!
MRG105,MARGAO-FMD ENG CLG via PONDA,MRG105,#REF!,#REF!
MRG106,CURCHOREM-FMD ENG CLG,MRG106,#REF!,#REF!
MRG107,VASCO-MRG RLY STN via CORTALIM,MRG107,#REF!,#REF!
MRG109,MARGAO-VASCO,MRG109,#REF!,#REF!
MRG109,MARGAO-VASCO,MRG182,#REF!,#REF!
MRG109,MARGAO-VASCO,VSD42,#REF!,#REF!
MRG109,MARGAO-VASCO,VSD75,#REF!,#REF!
MRG11,PANAJI-VASCO via CORTALIM,MRG11,#REF!,#REF!
MRG11,PANAJI-VASCO via CORTALIM,PNJ2,#REF!,#REF!
MRG11,PANAJI-VASCO via CORTALIM,VSD1,#REF!,#REF!
MRG110,MARGAO-CURCHOREM,MRG110,#REF!,#REF!
MRG111,CURCHOREM-PANAJI via MARGAO,MRG111,#REF!,#REF!
MRG113,MARGAO-TALEWADE via CUNCOLIM,MRG113,#REF!,#REF!
MRG114,EV PANAJI-EV VALPOI via EV MARCEL,MRG114,#REF!,#REF!
MRG115,EV MARGAO-EV PANAJI,MRG115,#REF!,#REF!
MRG116,CURCHOREM-VAGON,MRG116,#REF!,#REF!
MRG118,EV PANAJI-EVPATRADEVI via EV PEDNE,MRG118,#REF!,#REF!
MRG12,PANAJI-PONDA via KUNDAI,MRG12,#REF!,#REF!
MRG12,PANAJI-PONDA via KUNDAI,PNJ12,#REF!,#REF!
MRG12,PANAJI-PONDA via KUNDAI,PRV17,#REF!,#REF!
MRG12,PANAJI-PONDA via KUNDAI,VSD12,#REF!,#REF!
MRG120,PANAJI-KARWAR via MARGAO,MRG120,#REF!,#REF!
MRG120,PANAJI-KARWAR via MARGAO,PNJ129,#REF!,#REF!
MRG121,MARGAO-KARWAR via CANACONA,MRG121,#REF!,#REF!
MRG122,CURCHOREM-KARWAR via CUNCOLIM,MRG122,#REF!,#REF!
MRG123,MARGAO-GOKARNA via KARWAR,MRG123,#REF!,#REF!
MRG124,MARGAO-BELGAVI CBT via CURCHOREM,MRG124,#REF!,#REF!
MRG125,MARGAO-BELGAVI CBT via ANMOD,MRG125,#REF!,#REF!
MRG125,MARGAO-BELGAVI CBT via ANMOD,PNJ126,#REF!,#REF!
MRG126,MARGAO-HUBALI via ANMOD,MRG126,#REF!,#REF!
MRG128,MARGAO-KOLHAPUR via BELGAVI CBT,MRG128,#REF!,#REF!
MRG129,MARGAO-KOLHAPUR via SAWANTWADI,MRG129,#REF!,#REF!
MRG13,PANAJI-SHIRODA,MRG13,#REF!,#REF!
MRG130,MARGAO-MIRAJ via RADHANAGRI,MRG130,#REF!,#REF!
MRG131,MARGAO-SAWANTWADI via PATRADEVI,MRG131,#REF!,#REF!
MRG132,MARGAO-MALVAN via MALEWAD,MRG132,#REF!,#REF!
MRG134,MARGAO-BELGAVI CBT,MRG134,#REF!,#REF!
MRG135,MARGAO-KOLHAPUR,MRG135,#REF!,#REF!
MRG136,MARGAO-HUBALI via CHORLA,MRG136,#REF!,#REF!
MRG137,MARGAO-BELGAVI CBT,MRG137,#REF!,#REF!
MRG138,MARGAO-MACAZAN,MRG138,#REF!,#REF!
MRG139,PONDA-SECRETARIAT via PANAJI,MRG139,#REF!,#REF!
MRG14,PANAJI-CURCHOREM via PONDA,MRG14,#REF!,#REF!
MRG14,PANAJI-CURCHOREM via PONDA,PRV9,#REF!,#REF!
MRG140,MARGAO-GSPCB via CORTALIM,MRG140,#REF!,#REF!
MRG141,PANAJI-SUBDALEM via CUNCOLIM,MRG141,#REF!,#REF!
MRG142,MARGAO-POLLEM via CANACONA,MRG142,#REF!,#REF!
MRG142,MARGAO-POLLEM via CANACONA,MRG309,#REF!,#REF!
MRG147,MARGAO-SECRETERIAT,MRG147,#REF!,#REF!
MRG148,MARGAO-COLLEM via PONDA,MRG148,#REF!,#REF!
MRG15,PANAJI-CURCHOREM,MRG15,#REF!,#REF!
MRG151,MARGAO-BELGAO,MRG151,#REF!,#REF!
MRG152,MARGAO-BELGAO,MRG152,#REF!,#REF!
MRG153,MARGAO-BELGAO,MRG153,#REF!,#REF!
MRG155,MARGAO-GADAG,MRG155,#REF!,#REF!
MRG156,MARGAO-HUBLI via ANMOD,MRG156,#REF!,#REF!
MRG157,MARGAO-BELGAO,MRG157,#REF!,#REF!
MRG158,MARGAO-KOLHAPUR,MRG158,#REF!,#REF!
MRG159,MARGAO-BELGAO,MRG159,#REF!,#REF!
MRG16,PONDA-CURCHOREM via SHIRODA,MRG16,#REF!,#REF!
MRG16,PONDA-CURCHOREM via SHIRODA,MRG334,#REF!,#REF!
MRG16,PONDA-CURCHOREM via SHIRODA,PNJ16,#REF!,#REF!
MRG161,EV MARGAO-EV PANAJI,MRG161,#REF!,#REF!
MRG162,MARGAO-GOAUNVERSIT,MRG162,#REF!,#REF!
MRG163,MARGAO-MATIMOL,MRG163,#REF!,#REF!
MRG164,MARGAO-MANGAL,MRG164,#REF!,#REF!
MRG165,CURCHOREM-MANGAL via RIVONA,MRG165,#REF!,#REF!
MRG166,CURCHOREM-MANGAL via SULCORNA,MRG166,#REF!,#REF!
MRG167,CURCHOREM-MANGAL,MRG167,#REF!,#REF!
MRG168,MARGAO-MANGAL,MRG168,#REF!,#REF!
MRG17,PONDA-CURCHOREM,MRG17,#REF!,#REF!
MRG170,EV MARGAO-EV KARWAR,MRG170,#REF!,#REF!
MRG172,EV PANAJI-EV SAWANTWADI,MRG172,#REF!,#REF!
MRG173,EV HURBOUR-EV PANAJI via EV CORTALIM,MRG173,#REF!,#REF!
MRG175,EV PANAJI-EV VASCO via EV CORTALIM,MRG175,#REF!,#REF!
MRG175,EV PANAJI-EV VASCO via EV CORTALIM,PRV197,#REF!,#REF!
MRG176,EV VASCO-EV MARGAO via EV BIRLA,MRG176,#REF!,#REF!
MRG177,EV MARGAO-EV VASCO via EV CORTALIM,MRG177,#REF!,#REF!
MRG177,EV MARGAO-EV VASCO via EV CORTALIM,PNJ187,#REF!,#REF!
MRG178,EV MARGAO-EV BAMB GMC,MRG178,#REF!,#REF!
MRG179,EV VASCO-EV SHIRODA,MRG179,#REF!,#REF!
MRG179,EV VASCO-EV SHIRODA,MRG192,#REF!,#REF!
MRG18,MARGAO-PONDA via TITAN,MRG18,#REF!,#REF!
MRG18,MARGAO-PONDA via TITAN,PRV124,#REF!,#REF!
MRG180,EV PANAJI-EV MARGAO,MRG180,#REF!,#REF!
MRG180,EV PANAJI-EV MARGAO,PRV7,#REF!,#REF!
MRG186,MARGAO-MANDOPA CROSS,MRG186,#REF!,#REF!
MRG187,EV CURCHOREM-EV PANAJI,MRG187,#REF!,#REF!
MRG187,EV CURCHOREM-EV PANAJI,PNJ107,#REF!,#REF!
MRG188,EV MARGAO-EV CIPLA,MRG188,#REF!,#REF!
MRG189,EV MARGAO-EV PATRADEVI EV,MRG189,#REF!,#REF!
MRG19,MARGAO-PONDA,MRG19,#REF!,#REF!
MRG190,MARGAO-KARWAR,MRG190,#REF!,#REF!
MRG191,PANAJI-VALPOI,MRG191,#REF!,#REF!
MRG193,MARGAO-OLD GOA,MRG193,#REF!,#REF!
MRG194,MARGAO-MOPA AIRPORT,MRG194,#REF!,#REF!
MRG194,MARGAO-MOPA AIRPORT,PNJ193,#REF!,#REF!
MRG194,MARGAO-MOPA AIRPORT,PRV216,#REF!,#REF!
MRG195,CALANGUTE-MOPA AIRPORT,MRG195,#REF!,#REF!
MRG195,CALANGUTE-MOPA AIRPORT,PNJ194,#REF!,#REF!
MRG195,CALANGUTE-MOPA AIRPORT,PRV217,#REF!,#REF!
MRG196,RAJBAG-KARWAR,MRG196,#REF!,#REF!
MRG196,RAJBAG-KARWAR,MRG203,#REF!,#REF!
MRG197,MARGAO-MIRAJ,MRG197,#REF!,#REF!
MRG198,MARGAO-KALAY,MRG198,#REF!,#REF!
MRG199,PANAJI-KALAY,MRG199,#REF!,#REF!
MRG2,MARGAO-PANAJI via CANSAULIM,MRG2,#REF!,#REF!
MRG2,MARGAO-PANAJI via CANSAULIM,PRV220,#REF!,#REF!
MRG20,MARGAO-SHIRODA,MRG20,#REF!,#REF!
MRG200,KAMORCOND-MARGAO,MRG200,#REF!,#REF!
MRG204,DON BOSCO-MARGAO,MRG204,#REF!,#REF!
MRG205,FMD ENG CLG-KALAY,MRG205,#REF!,#REF!
MRG206,CALANGUTE-PANAJI via VEREM,MRG206,#REF!,#REF!
MRG206,CALANGUTE-PANAJI via VEREM,PNJ52,#REF!,#REF!
MRG21,MARGAO-CURCHOREM via QUEPEM,MRG21,#REF!,#REF!
MRG22,MARGAO-CURCHOREM,MRG22,#REF!,#REF!
MRG23,MARGAO-CURCHOREM via GUIRDOLIM,MRG23,#REF!,#REF!
MRG23,MARGAO-CURCHOREM via GUIRDOLIM,MRG68,#REF!,#REF!
MRG24,MARGAO-BICHOLIM,MRG24,#REF!,#REF!
MRG25,MARGAO-VALPOI,MRG25,#REF!,#REF!
MRG26,MARGAO-CANACONA via CUNCOLIM,MRG26,#REF!,#REF!
MRG26,MARGAO-CANACONA via CUNCOLIM,MRG301,#REF!,#REF!
MRG27,MARGAO-CANACONA,MRG27,#REF!,#REF!
MRG28,MARGAO-CANACONA,MRG28,#REF!,#REF!
MRG29,MARGAO-KUSKEM,MRG29,#REF!,#REF!
MRG3,MARGAO-PANAJI,MRG3,#REF!,#REF!
MRG30,MARGAO-KUSKEM,MRG30,#REF!,#REF!
MRG302,MARGAO-KUSKEM,MRG302,#REF!,#REF!
MRG303,MARGAO-CHIPLEM,MRG303,#REF!,#REF!
MRG305,MARGAO-POIGUINI,MRG305,#REF!,#REF!
MRG306,MARGAO-CAB-DE-RAM,MRG306,#REF!,#REF!
MRG308,MARGAO-CUNCOLIM,MRG308,#REF!,#REF!
MRG31,MARGAO-KHARGAL,MRG31,#REF!,#REF!
MRG313,CANACONA-KUSKEM,MRG313,#REF!,#REF!
MRG316,CANACONA-GAODONGRI,MRG316,#REF!,#REF!
MRG317,CANACONA-KHOLA,MRG317,#REF!,#REF!
MRG318,CANACONA- CHIPALE,MRG318,#REF!,#REF!
MRG319,CANACONA-PEDDE,MRG319,#REF!,#REF!
MRG32,MARGAO-KHARGAL,MRG32,#REF!,#REF!
MRG320,CANACONA-TISCON,MRG320,#REF!,#REF!
MRG321,CANACONA- AVALI -YEDA,MRG321,#REF!,#REF!
MRG322,CANACONA-SHRISTAL-ASALI,MRG322,#REF!,#REF!
MRG323,CANACONA-MUDKUD,MRG323,#REF!,#REF!
MRG324,CANACONA-VAIZWADA,MRG324,#REF!,#REF!
MRG325,CANACONA-SHRISTAL,MRG325,#REF!,#REF!
MRG326,CANACONA-MATIMOL,MRG326,#REF!,#REF!
MRG327,CANACONA-SHISEVAL,MRG327,#REF!,#REF!
MRG328,CANACONA-POLLEM,MRG328,#REF!,#REF!
MRG329,MARGAO-CURCHOREM,MRG329,#REF!,#REF!
MRG33,MARGAO-TUDAL,MRG304,#REF!,#REF!
MRG33,MARGAO-TUDAL,MRG33,#REF!,#REF!
MRG331,CURCHOREM-NETURLIM,MRG331,#REF!,#REF!
MRG335,CURCHOREM -KALAY,MRG335,#REF!,#REF!
MRG336,CANACONA-PALOLEM,MRG336,#REF!,#REF!
MRG337,MARGAO-PALOLEM BEACH,MRG337,#REF!,#REF!
MRG338,MARGAO-KELVONA,MRG338,#REF!,#REF!
MRG339,CANACONA - CURCHOREM,MRG339,#REF!,#REF!
MRG34,MARGAO-TIRVAN,MRG34,#REF!,#REF!
MRG340,MARGAO- DABE,MRG340,#REF!,#REF!
MRG341,MARGAO-PALLOLEM,MRG341,#REF!,#REF!
MRG342,CANACONA-SDL-POIGINI,MRG342,#REF!,#REF!
MRG343,CANACONA - PALLOLEM,MRG343,#REF!,#REF!
MRG344,MARGAO-GOKULDE,MRG344,#REF!,#REF!
MRG345,MARGAO-INDRAWADO,MRG345,#REF!,#REF!
MRG345,MARGAO-INDRAWADO,MRG356,#REF!,#REF!
MRG346,CANACONA-INDRAWADA,MRG346,#REF!,#REF!
MRG347,PONDA-MOLLEM,MRG347,#REF!,#REF!
MRG348,MARGAO-ASALI,MRG348,#REF!,#REF!
MRG349,MARGAO-LOLIEM- PEDDE,MRG349,#REF!,#REF!
MRG35,MARGAO-RAJBAG,MRG35,#REF!,#REF!
MRG350,MARGAO-MATVEMOL,MRG350,#REF!,#REF!
MRG351,MARGAO-KHOLA,MRG351,#REF!,#REF!
MRG352,PANAJI -CURCHOREM,MRG352,#REF!,#REF!
MRG353,MARGAO-VAIZAWADA,MRG353,#REF!,#REF!
MRG354,CURCHOREM-SANGUEM,MRG354,#REF!,#REF!
MRG355,MARGAO-SHRISTAL,MRG355,#REF!,#REF!
MRG357,MARGAO-MUDKUD,MRG357,#REF!,#REF!
MRG358,MARGAO-TISCON,MRG358,#REF!,#REF!
MRG359,MARGAO- AVALI -YEDA,MRG359,#REF!,#REF!
MRG36,MARGAO-POPAIDANDO,MRG36,#REF!,#REF!
MRG360,MARGAO-SDXL-POIGINI,MRG360,#REF!,#REF!
MRG362,MARGAO-UGUEM,MRG362,#REF!,#REF!
MRG363,MARGAO-SANGUEM,MRG363,#REF!,#REF!
MRG364,MARGAO-KHOTIGAO,MRG364,#REF!,#REF!
MRG365,MARGAO-PARTGAL-KUSKEM,MRG365,#REF!,#REF!
MRG366,MARGAO-KHADDE,MRG366,#REF!,#REF!
MRG367,SHRISTHAL-POLLEM,MRG367,#REF!,#REF!
MRG368,BALLI - CURCHOREM,MRG368,#REF!,#REF!
MRG369,PANAJI-NETURLIM,MRG369,#REF!,#REF!
MRG37,MARGAO-VAL,MRG307,#REF!,#REF!
MRG37,MARGAO-VAL,MRG37,#REF!,#REF!
MRG370,PONDAI-BICHOLIM,MRG370,#REF!,#REF!
MRG371,PONDA-SURLA,MRG371,#REF!,#REF!
MRG372,PONDA-SAKHALI,MRG372,#REF!,#REF!
MRG373,PONDA- NAVELI,MRG373,#REF!,#REF!
MRG374,CURCHOREM-MARGAO,MRG374,#REF!,#REF!
MRG375,CURCHOREM-ASSOLDA,MRG375,#REF!,#REF!
MRG376,COPROMODDI-MARGAO,MRG376,#REF!,#REF!
MRG377,SAKHALI- NAVELI,MRG377,#REF!,#REF!
MRG378,CURCHOREM-CHANDOR- GUDI -MARGAO,MRG378,#REF!,#REF!
MRG38,MARGAO-VAL,MRG38,#REF!,#REF!
MRG39,MARGAO-CAB-DE-RAM via FATORPA,MRG39,#REF!,#REF!
MRG4,MARGAO-PANAJI via PONDA,MRG4,#REF!,#REF!
MRG40,PANAJI-TIRVAN,MRG40,#REF!,#REF!
MRG41,PANAJI-TUDAL,MRG41,#REF!,#REF!
MRG42,PANAJI-VAL,MRG42,#REF!,#REF!
MRG43,PANAJI-POPAIDANDO,MRG43,#REF!,#REF!
MRG44,CANACONA-VAL,MRG310,#REF!,#REF!
MRG44,CANACONA-VAL,MRG44,#REF!,#REF!
MRG45,CANACONA-KAJUMOL,MRG311,#REF!,#REF!
MRG45,CANACONA-KAJUMOL,MRG45,#REF!,#REF!
MRG46,CANACONA-POPAIDANDO,MRG46,#REF!,#REF!
MRG47,CANACONA-CAB-DE-RAM,MRG312,#REF!,#REF!
MRG47,CANACONA-CAB-DE-RAM,MRG47,#REF!,#REF!
MRG48,CANACONA-KUSKEM,MRG48,#REF!,#REF!
MRG49,CANACONA-TUDAL via GAODONGARI,MRG314,#REF!,#REF!
MRG49,CANACONA-TUDAL via GAODONGARI,MRG49,#REF!,#REF!
MRG5,MARGAO-PANAJI,MRG5,#REF!,#REF!
MRG50,CANACONA-MATIMOL,MRG315,#REF!,#REF!
MRG50,CANACONA-MATIMOL,MRG50,#REF!,#REF!
MRG51,CAB-DE-RAM-AGONDA CHRC via MATIMOL,MRG51,#REF!,#REF!
MRG52,PANAJI-DABEM,MRG52,#REF!,#REF!
MRG53,MARGAO-BETUL via CUNCOLIM,MRG53,#REF!,#REF!
MRG54,MARGAO-VELIM MKT via CUNCOLIM,MRG54,#REF!,#REF!
MRG57,CUNCOLIM-VELIM MKT via MURIDA,MRG57,#REF!,#REF!
MRG58,CUNCOLIM-BETUL via MURIDA,MRG58,#REF!,#REF!
MRG59,MARGAO-MOLLEM,MRG184,#REF!,#REF!
MRG59,MARGAO-MOLLEM,MRG59,#REF!,#REF!
MRG6,MARGAO-VASCO via CORTALIM,MRG6,#REF!,#REF!
MRG6,MARGAO-VASCO via CORTALIM,VSD2,#REF!,#REF!
MRG60,MARGAO-NETURLIM,MRG183,#REF!,#REF!
MRG60,MARGAO-NETURLIM,MRG361,#REF!,#REF!
MRG60,MARGAO-NETURLIM,MRG60,#REF!,#REF!
MRG61,MARGAO-SALJINI,MRG61,#REF!,#REF!
MRG62,MARGAO-VADE COLONY,MRG62,#REF!,#REF!
MRG63,MARGAO-SULCORNA,MRG63,#REF!,#REF!
MRG64,MARGAO-MOLKOPON,MRG64,#REF!,#REF!
MRG65,MARGAO-KALAY,MRG330,#REF!,#REF!
MRG65,MARGAO-KALAY,MRG65,#REF!,#REF!
MRG66,MARGAO-KALAY,MRG66,#REF!,#REF!
MRG67,MARGAO-PIRLA,MRG67,#REF!,#REF!
MRG69,MARGAO-GUIRDOLIM via MACAZAN,MRG69,#REF!,#REF!
MRG7,MARGAO-VASCO via BIRLA,MRG7,#REF!,#REF!
MRG7,MARGAO-VASCO via BIRLA,VSD5,#REF!,#REF!
MRG70,MARGAO-GUIRDOLIM via AKSHEM,MRG70,#REF!,#REF!
MRG71,MOLKOPON-DON BOSCO via RIVONA,MRG71,#REF!,#REF!
MRG72,PANAJI-NETURLIM,MRG72,#REF!,#REF!
MRG73,PANAJI-VADE COLONY,MRG73,#REF!,#REF!
MRG74,PANAJI-COLLEM via PONDA,MRG74,#REF!,#REF!
MRG75,PANAJI-PIRLA,MRG75,#REF!,#REF!
MRG76,PANAJI-MOLKOPON,MRG76,#REF!,#REF!
MRG77,PANAJI-COTTA via MARGAO,MRG77,#REF!,#REF!
MRG78,MARGAO-CURCHOREM,MRG78,#REF!,#REF!
MRG79,CURCHOREM-SALJINI via RIVONA,MRG79,#REF!,#REF!
MRG8,MARGAO-VASCO via CANSAULIM,MRG8,#REF!,#REF!
MRG80,CURCHOREM-VADE COLONY via RIVONA,MRG80,#REF!,#REF!
MRG81,CURCHOREM-MOLLEM via SHIGAO,MRG332,#REF!,#REF!
MRG81,CURCHOREM-MOLLEM via SHIGAO,MRG81,#REF!,#REF!
MRG82,CURCHOREM-USGAO TISK,MRG82,#REF!,#REF!
MRG83,MARGAO-MOLLEM via PONDA,MRG333,#REF!,#REF!
MRG83,MARGAO-MOLLEM via PONDA,MRG83,#REF!,#REF!
MRG84,MARGAO-SAVAI,MRG84,#REF!,#REF!
MRG85,MARGAO-KAMORCOND,MRG85,#REF!,#REF!
MRG86,PONDA-KAMORCOND,MRG86,#REF!,#REF!
MRG87,CURCHOREM-MOLLEM via DHARBANDORA,MRG87,#REF!,#REF!
MRG88,MARGAO-CORTALIM via TITAN,MRG88,#REF!,#REF!
MRG89,MARGAO-GOA UNVRSTY via CORTALIM,MRG89,#REF!,#REF!
MRG90,MARGAO-C.K.T.,MRG90,#REF!,#REF!
MRG91,MARGAO-DIKARPAL,MRG91,#REF!,#REF!
MRG92,MARGAO-DRMAPUR SCH,MRG92,#REF!,#REF!
MRG93,MARGAO-DON KHURIS via PAJIFOND,MRG93,#REF!,#REF!
MRG94,MARGAO-VELSAO B/S via MAJORDA,MRG94,#REF!,#REF!
MRG95,MARGAO-MPT HOSPTL,MRG95,#REF!,#REF!
MRG96,PANAJI-ZARME,MRG96,#REF!,#REF!
MRG97,MARGAO-VOILE DHAVE,MRG97,#REF!,#REF!
MRG98,MARGAO-SAL,MRG98,#REF!,#REF!
MRG99,PANAJI-GOA UNVRSTY via BAMBOLI GMC,MRG99,#REF!,#REF!
MRG99,PANAJI-GOA UNVRSTY via BAMBOLI GMC,PNJ87,#REF!,#REF!
PNJ10,PANAJI-VALPOI via MAPUSA,PNJ10,#REF!,#REF!
PNJ10,PANAJI-VALPOI via MAPUSA,PRV11,#REF!,#REF!
PNJ100,MARGAO-RITE COLAGE,PNJ100,#REF!,#REF!
PNJ101,MAPUSA-RITE COLAGE,PNJ101,#REF!,#REF!
PNJ102,AKHADA-RITE COLAGE,PNJ102,#REF!,#REF!
PNJ103,PANAJI-RITE COLAGE,PNJ103,#REF!,#REF!
PNJ104,PANAJI-MARGAO,MRG108,#REF!,#REF!
PNJ104,PANAJI-MARGAO,MRG171,#REF!,#REF!
PNJ104,PANAJI-MARGAO,PNJ104,#REF!,#REF!
PNJ104,PANAJI-MARGAO,PNJ173,#REF!,#REF!
PNJ104,PANAJI-MARGAO,PNJ178,#REF!,#REF!
PNJ104,PANAJI-MARGAO,PRV180,#REF!,#REF!
PNJ105,PANAJI-VASCO,PNJ105,#REF!,#REF!
PNJ105,PANAJI-VASCO,PNJ182,#REF!,#REF!
PNJ105,PANAJI-VASCO,PNJ183,#REF!,#REF!
PNJ105,PANAJI-VASCO,VSD41,#REF!,#REF!
PNJ105,PANAJI-VASCO,VSD71,#REF!,#REF!
PNJ108,PANAJI MKT-PONDA,PNJ108,#REF!,#REF!
PNJ109,DON BOSCO-GAWANDALI via PANAJI,PNJ109,#REF!,#REF!
PNJ11,PANAJI-VALPOI via MARCEL,PNJ11,#REF!,#REF!
PNJ11,PANAJI-VALPOI via MARCEL,PRV10,#REF!,#REF!
PNJ110,PANAJI-PANAJI via ALTINHO,PNJ110,#REF!,#REF!
PNJ111,PANAJI-AMONA PNCHY via MAPUSA,PNJ111,#REF!,#REF!
PNJ112,PANAJI-BICHOLIM via MARCEL,PNJ112,#REF!,#REF!
PNJ112,PANAJI-BICHOLIM via MARCEL,PRV15,#REF!,#REF!
PNJ113,PANAJI MKT-MARGAO via CORTALIM,PNJ113,#REF!,#REF!
PNJ114,PANAJI-DODAMARG,PNJ114,#REF!,#REF!
PNJ115,PANAJI-TEREKHOL via MALEWAD,PNJ115,#REF!,#REF!
PNJ116,PANAJI-VENGURLA via MALEWAD,PNJ116,#REF!,#REF!
PNJ117,PANAJI-MALVAN,PNJ117,#REF!,#REF!
PNJ118,PANAJI-SAWANTWADI via PATRADEVI,PNJ118,#REF!,#REF!
PNJ118,PANAJI-SAWANTWADI via PATRADEVI,PRV147,#REF!,#REF!
PNJ119,PANAJI-MORLE via DODAMARG,PNJ119,#REF!,#REF!
PNJ120,PANAJI-BELGAVI CBT via SAWANTWADI,PNJ120,#REF!,#REF!
PNJ121,PANAJI-BELGAVI CBT via CHORLA,PNJ121,#REF!,#REF!
PNJ121,PANAJI-BELGAVI CBT via CHORLA,PNJ155,#REF!,#REF!
PNJ121,PANAJI-BELGAVI CBT via CHORLA,PRV155,#REF!,#REF!
PNJ123,PANAJI-BADAMI via CHORLA,PNJ123,#REF!,#REF!
PNJ124,PANAJI-BADAMI via ANMOD,PNJ124,#REF!,#REF!
PNJ125,PANAJI-BELGAVI CBT via ANMOD,PNJ125,#REF!,#REF!
PNJ125,PANAJI-BELGAVI CBT via ANMOD,PRV156,#REF!,#REF!
PNJ127,PANAJI-HUBALI via ANMOD,PNJ127,#REF!,#REF!
PNJ127,PANAJI-HUBALI via ANMOD,PRV157,#REF!,#REF!
PNJ128,PANAJI-HOSPET via ANMOD,PNJ128,#REF!,#REF!
PNJ13,PANAJI-PONDA,PNJ13,#REF!,#REF!
PNJ130,MARGAO-BELGAVI CBT,PNJ130,#REF!,#REF!
PNJ14,PANAJI-PONDA,PNJ14,#REF!,#REF!
PNJ15,PANAJI MKT-CURCHOREM via PONDA,PNJ15,#REF!,#REF!
PNJ162,PANAJI MKT-MENKURE,PNJ162,#REF!,#REF!
PNJ164,PONDA-O GOA XVR A,PNJ164,#REF!,#REF!
PNJ170,SANKHALI-BETORA IND via PALE,PNJ170,#REF!,#REF!
PNJ171,VALPOI-THANE via HEDODE,PNJ171,#REF!,#REF!
PNJ172,VALPOI-KARANZOL via VELGUEM,PNJ172,#REF!,#REF!
PNJ172,VALPOI-KARANZOL via VELGUEM,PRV37,#REF!,#REF!
PNJ174,PANAJI-PANAJI,PNJ174,#REF!,#REF!
PNJ175,PANAJI MKT-NEURA via OLD GOA,PNJ175,#REF!,#REF!
PNJ176,PANAJI-AZOSHI,PNJ176,#REF!,#REF!
PNJ177,PANAJI-PANAJI,PNJ177,#REF!,#REF!
PNJ179,KUDCHRE TMP-HRVL SIYA G via SANKHALI,PNJ179,#REF!,#REF!
PNJ18,PONDA-SANKHALI,PNJ18,#REF!,#REF!
PNJ180,PANAJI-HRVL SIYA G,PNJ180,#REF!,#REF!
PNJ181,PANAJI-KUDCHRE TMP,PNJ181,#REF!,#REF!
PNJ184,EV PANAJI-EV VASCO,PNJ184,#REF!,#REF!
PNJ186,EV PONDA-EV IPHB BAMBOLI,PNJ186,#REF!,#REF!
PNJ189,PANAJI-OLD GOA,PNJ189,#REF!,#REF!
PNJ189,PANAJI-OLD GOA,PRV212,#REF!,#REF!
PNJ189,PANAJI-OLD GOA,VSD77,#REF!,#REF!
PNJ19,PONDA-MARGAO,PNJ19,#REF!,#REF!
PNJ190,OLD GOA CHURCH-ELA FARM,PNJ190,#REF!,#REF!
PNJ190,OLD GOA CHURCH-ELA FARM,PRV213,#REF!,#REF!
PNJ190,OLD GOA CHURCH-ELA FARM,VSD78,#REF!,#REF!
PNJ191,OLD GOA CHURCH-PINTO GARAGE,PNJ191,#REF!,#REF!
PNJ191,OLD GOA CHURCH-PINTO GARAGE,PRV214,#REF!,#REF!
PNJ191,OLD GOA CHURCH-PINTO GARAGE,VSD79,#REF!,#REF!
PNJ192,BAKIA PARKING-OLD GOA CHURCH,PNJ192,#REF!,#REF!
PNJ192,BAKIA PARKING-OLD GOA CHURCH,PRV215,#REF!,#REF!
PNJ192,BAKIA PARKING-OLD GOA CHURCH,VSD80,#REF!,#REF!
PNJ195,PANAJI-QUITLA,PNJ195,#REF!,#REF!
PNJ195,PANAJI-QUITLA,PRV54,#REF!,#REF!
PNJ196,PANAJI-QUITLA,PNJ196,#REF!,#REF!
PNJ197,PANAJI-BANDA,PNJ197,#REF!,#REF!
PNJ197,PANAJI-BANDA,PRV148,#REF!,#REF!
PNJ198,DHARBANDORA-SANKHALI,PNJ198,#REF!,#REF!
PNJ199,MARCEL-SAVAI,PNJ199,#REF!,#REF!
PNJ200,PANAJI-VAGURME,PNJ200,#REF!,#REF!
PNJ203,ST.PEDRO-ST.PEDRO,PNJ203,#REF!,#REF!
PNJ204,VANXIM FRY-VANXIM FRY,PNJ204,#REF!,#REF!
PNJ205,MARITA BAKR-MARITA BAKR,PNJ205,#REF!,#REF!
PNJ206,MARITA BAKR-ST.PEDRO,PNJ206,#REF!,#REF!
PNJ21,BICHOLIM-MARGAO,PNJ21,#REF!,#REF!
PNJ22,BICHOLIM-PANAJI,PNJ22,#REF!,#REF!
PNJ22,BICHOLIM-PANAJI,PRV56,#REF!,#REF!
PNJ23,PANAJI-PEDNE via MAPUSA,PNJ23,#REF!,#REF!
PNJ24,PANAJI-SATRE,PNJ24,#REF!,#REF!
PNJ25,PANAJI-SATRE via MAPUSA,PNJ25,#REF!,#REF!
PNJ25,PANAJI-SATRE via MAPUSA,PRV25,#REF!,#REF!
PNJ26,PANAJI-COPARDE via MAPUSA,PNJ26,#REF!,#REF!
PNJ27,PANAJI-DONGURLIM via MAPUSA,PNJ27,#REF!,#REF!
PNJ28,PANAJI-DONGURLIM via MARCEL,PNJ28,#REF!,#REF!
PNJ29,BAMBOLI GMC-SHIGNE via MARCEL,PNJ29,#REF!,#REF!
PNJ3,PANAJI-VASCO,PNJ3,#REF!,#REF!
PNJ30,TIN BLD/COL-VALPOI via MARCEL,PNJ30,#REF!,#REF!
PNJ31,TONCA-VALPOI,PNJ31,#REF!,#REF!
PNJ32,PANAJI MKT-VIRDI,PNJ32,#REF!,#REF!
PNJ33,PANAJI-VIRDI via MARCEL,PNJ33,#REF!,#REF!
PNJ34,PANAJI-SONSHI via MARCEL,PNJ34,#REF!,#REF!
PNJ35,PANAJI-SURLA,PNJ35,#REF!,#REF!
PNJ36,PANAJI MKT-AKHADA via MARCEL,PNJ36,#REF!,#REF!
PNJ37,PANAJI MKT-CUPA via MARCEL,PNJ37,#REF!,#REF!
PNJ38,PANAJI-VEREM via MARCEL,PNJ38,#REF!,#REF!
PNJ39,MARCEL-VOLVOI via BETKI,PNJ39,#REF!,#REF!
PNJ4,PANAJI-HARBOUR via CORTALIM,PNJ185,#REF!,#REF!
PNJ4,PANAJI-HARBOUR via CORTALIM,PNJ4,#REF!,#REF!
PNJ4,PANAJI-HARBOUR via CORTALIM,VSD8,#REF!,#REF!
PNJ40,SANKHALI-GHADIWADA,PNJ40,#REF!,#REF!
PNJ41,SANKHALI-ADVOI via HONDA,PNJ41,#REF!,#REF!
PNJ42,SANKHALI-TONCA via MARCEL,PNJ42,#REF!,#REF!
PNJ43,SANKHALI-CIPLA,PNJ43,#REF!,#REF!
PNJ44,BICHOLIM-DHARBANDORA,PNJ44,#REF!,#REF!
PNJ45,PANAJI-KUDCHRE TMP,PNJ45,#REF!,#REF!
PNJ46,PANAJI MKT-AMTHANE,PNJ46,#REF!,#REF!
PNJ47,PANAJI-AMTHANE,PNJ47,#REF!,#REF!
PNJ48,PANAJI-SHEMECHADVN,PNJ48,#REF!,#REF!
PNJ49,PANAJI-MOPA via PEDNE,PNJ49,#REF!,#REF!
PNJ5,PANAJI-MARGAO via PONDA,PNJ5,#REF!,#REF!
PNJ5,PANAJI-MARGAO via PONDA,PRV6,#REF!,#REF!
PNJ50,PANAJI-PETECHAWADA via PEDNE,PNJ50,#REF!,#REF!
PNJ51,PANAJI-AGARWADA,PNJ51,#REF!,#REF!
PNJ53,PANAJI-CALANGUTE via SANGOLDA,PNJ53,#REF!,#REF!
PNJ54,PANAJI MKT-BADEM via MAPUSA,PNJ54,#REF!,#REF!
PNJ55,PANAJI-HARMAL via CALANGUTE,PNJ55,#REF!,#REF!
PNJ56,MAPUSA-HARMAL via SIOLIM,PNJ56,#REF!,#REF!
PNJ57,MAPUSA-SIOLIM TAR via MARNA,PNJ57,#REF!,#REF!
PNJ58,MAPUSA-BADEM,PNJ58,#REF!,#REF!
PNJ58,MAPUSA-BADEM,PRV112,#REF!,#REF!
PNJ59,MAPUSA-CALANGUTE via SALIGAO,PNJ59,#REF!,#REF!
PNJ6,PANAJI-MARGAO,PNJ6,#REF!,#REF!
PNJ6,PANAJI-MARGAO,PRV8,#REF!,#REF!
PNJ60,PANAJI-MARCEL,PNJ60,#REF!,#REF!
PNJ61,PANAJI MKT-SHIRSHIRE via PONDA,PNJ61,#REF!,#REF!
PNJ62,PANAJI-GAVNE via PONDA,PNJ62,#REF!,#REF!
PNJ63,PANAJI MKT-CODLI TISK via PONDA,PNJ63,#REF!,#REF!
PNJ64,PANAJI-VAGURME via PONDA,PNJ64,#REF!,#REF!
PNJ65,PANAJI-MAINGINE via PONDA,PNJ65,#REF!,#REF!
PNJ66,PANAJI-MALPAN via PONDA,PNJ66,#REF!,#REF!
PNJ67,PANAJI-TAMDI SURLA via PONDA,PNJ67,#REF!,#REF!
PNJ68,PANAJI MKT-TAMDI SURLA via PONDA,PNJ68,#REF!,#REF!
PNJ69,RAJ BHAVAN-MALPAN via PONDA,PNJ69,#REF!,#REF!
PNJ7,PANAJI-MAPUSA,PNJ7,#REF!,#REF!
PNJ7,PANAJI-MAPUSA,PRV4,#REF!,#REF!
PNJ70,PANAJI-KALAY via CURCHOREM,PNJ70,#REF!,#REF!
PNJ71,PANAJI MKT-PONDA via KUNDAI,PNJ71,#REF!,#REF!
PNJ72,FARMAGUDI-MAINGINE via PONDA,PNJ72,#REF!,#REF!
PNJ73,PONDA-SAVAI,PNJ73,#REF!,#REF!
PNJ74,PONDA-VAGURME via KHANDEPAR,PNJ74,#REF!,#REF!
PNJ75,PONDA-CODLI TISK via BETODA,PNJ75,#REF!,#REF!
PNJ76,PONDA-SHIRSHIRE via TOP COLA,PNJ76,#REF!,#REF!
PNJ77,PONDA-GAVNE via RAMNATHI,PNJ77,#REF!,#REF!
PNJ78,PONDA-AGAPUR SHMR via TALAULIM,PNJ78,#REF!,#REF!
PNJ78,PONDA-AGAPUR SHMR via TALAULIM,VSD23,#REF!,#REF!
PNJ79,PONDA-UNDIR via RAMNATHI,PNJ79,#REF!,#REF!
PNJ8,PANAJI-SANKHALI via MAPUSA,PNJ8,#REF!,#REF!
PNJ8,PANAJI-SANKHALI via MAPUSA,PRV14,#REF!,#REF!
PNJ80,PONDA-KNDRI VIDYA via CURTI,PNJ80,#REF!,#REF!
PNJ81,PONDA-BAMBOLI GMC via PANAJI,PNJ188,#REF!,#REF!
PNJ81,PONDA-BAMBOLI GMC via PANAJI,PNJ81,#REF!,#REF!
PNJ82,PONDA-ALTINHO via PANAJI,PNJ82,#REF!,#REF!
PNJ83,PANAJI-NARVA FERRY via OLD GOA,PNJ83,#REF!,#REF!
PNJ84,PANAJI-VANXIM FERY,PNJ84,#REF!,#REF!
PNJ85,OLD GOA FRY-NARVA FERRY via MALAR,PNJ85,#REF!,#REF!
PNJ86,ST.PEDRO-VANXIM FERY,PNJ86,#REF!,#REF!
PNJ89,MAPUSA-FATORPA TMP,PNJ89,#REF!,#REF!
PNJ9,PANAJI-SANKHALI via MARCEL,PNJ9,#REF!,#REF!
PNJ9,PANAJI-SANKHALI via MARCEL,PRV13,#REF!,#REF!
PNJ9,PANAJI-SANKHALI via MARCEL,VSD11,#REF!,#REF!
PNJ90,PANAJI-BMBOLI IPHB,PNJ90,#REF!,#REF!
PNJ91,BICHOLIM-HIVRE via VALPOI,PNJ91,#REF!,#REF!
PNJ92,SANKHALI-VALPOI via ADVOI,PNJ92,#REF!,#REF!
PNJ93,PANAJI-PANAJI MKT via T B.HSP/DMR,PNJ93,#REF!,#REF!
PNJ94,PANAJI-SECRETARIAT via SAI SERVICE,PNJ94,#REF!,#REF!
PNJ94,PANAJI-SECRETARIAT via SAI SERVICE,PRV130,#REF!,#REF!
PNJ95,PANAJI-TIN BLD/COL via SAI SERVICE,PNJ95,#REF!,#REF!
PNJ95,PANAJI-TIN BLD/COL via SAI SERVICE,PRV227,#REF!,#REF!
PNJ96,PANAJI-PANAJI MKT via CCLO/ST.INZ,PNJ96,#REF!,#REF!
PNJ97,CURCHOREM-SOLIEM via KAKODA,PNJ97,#REF!,#REF!
PNJ98,PANAJI-FMD ENG CLG,PNJ98,#REF!,#REF!
PNJ99,PANAJI-RITE COLAGE,PNJ99,#REF!,#REF!
PNJ99,PANAJI-RITE COLAGE,VSD37,#REF!,#REF!
PRV100,PANAJI-MANDRE MDMZ,PRV100,#REF!,#REF!
PRV101,MAPUSA-MANDRE MDMZ via ARABO,PRV101,#REF!,#REF!
PRV102,PANAJI-MANDRE MDMZ,PRV102,#REF!,#REF!
PRV103,PANAJI-HARMAL,PRV103,#REF!,#REF!
PRV104,PANAJI-KERI via PEDNE,PRV104,#REF!,#REF!
PRV105,PANAJI-KERI,PRV105,#REF!,#REF!
PRV106,PANAJI MKT-KERI,PRV106,#REF!,#REF!
PRV107,PANAJI-KERI,PRV107,#REF!,#REF!
PRV108,PANAJI-MORJIM via SIOLIM,PRV108,#REF!,#REF!
PRV109,MORJIM-HARMAL via SAWANTWADA,PRV109,#REF!,#REF!
PRV110,PANAJI-SIOLIM TAR via MAPUSA,PRV110,#REF!,#REF!
PRV111,MAPUSA-GUDDEM,PRV111,#REF!,#REF!
PRV113,MAPUSA-DIST. HSPTL via MPS COURT,PRV113,#REF!,#REF!
PRV114,MAPUSA-BASTODA via GREEN PARK,PRV114,#REF!,#REF!
PRV115,MAPUSA-KAIRAT,PRV115,#REF!,#REF!
PRV116,PANAJI MKT-KAIRAT via MAPUSA,PRV116,#REF!,#REF!
PRV117,PANAJI MKT-BASTODA via MAPUSA,PRV117,#REF!,#REF!
PRV118,PANAJI-BADEM via MAPUSA,PRV118,#REF!,#REF!
PRV119,PANAJI-MAPUSA via BRITTONA,PRV119,#REF!,#REF!
PRV12,PANAJI MKT-VALPOI,PRV12,#REF!,#REF!
PRV120,PANAJI-VIJAYDURGA via PONDA,PRV120,#REF!,#REF!
PRV121,PANAJI MKT-VIJAYDURGA via MARDOL,PRV121,#REF!,#REF!
PRV122,PANAJI-PONDA,PRV122,#REF!,#REF!
PRV123,PONDA-VOLVOI,PRV123,#REF!,#REF!
PRV125,PONDA-CIPLA via KELOSI,PRV125,#REF!,#REF!
PRV127,PANAJI-BAMBOLI W/S,PRV127,#REF!,#REF!
PRV128,SECRETARIAT-KALAY via CURCHOREM,PRV128,#REF!,#REF!
PRV129,PANAJI-BETUL,PRV129,#REF!,#REF!
PRV131,PANAJI-GOA INTERNA,PRV131,#REF!,#REF!
PRV132,PORVORIM-PANAJI via PANAJI,PRV132,#REF!,#REF!
PRV133,SANKHALI-V KERI via MARCEL,PRV133,#REF!,#REF!
PRV134,MAPUSA-PANAJI MKT,PRV134,#REF!,#REF!
PRV135,SANKHALI-PANAJI MKT,PRV135,#REF!,#REF!
PRV137,PANAJI-PONDA via CORTALIM,PRV137,#REF!,#REF!
PRV138,PANAJI-PANAJI via ALTINHO,PRV138,#REF!,#REF!
PRV138,PANAJI-PANAJI via ALTINHO,VSD31,#REF!,#REF!
PRV139,PANAJI-DFNS COLONY via SAI SERVICE,PRV139,#REF!,#REF!
PRV140,MAPUSA-FATORDA via PANAJI,PRV140,#REF!,#REF!
PRV141,PONDA-MARGAO via AGNEL ASHRM,PRV141,#REF!,#REF!
PRV142,PANAJI-SAL via MAPUSA,PRV142,#REF!,#REF!
PRV143,MHADAI-MORLLEM via HONDA,PRV143,#REF!,#REF!
PRV144,SANKHALI-MORLLEM via HONDA,PRV144,#REF!,#REF!
PRV145,MAPUSA-TEREKHOL,PRV145,#REF!,#REF!
PRV146,PANAJI-KADSHI,PRV146,#REF!,#REF!
PRV149,PANAJI-VIJAYDURGA via KANKAVLI,PRV149,#REF!,#REF!
PRV150,PANAJI-KOLHAPUR via GAGANBAWDA,PRV150,#REF!,#REF!
PRV151,PANAJI-SAWANTWADI via DODAMARG,PRV151,#REF!,#REF!
PRV152,PANAJI-KER via DODAMARG,PRV152,#REF!,#REF!
PRV153,PANAJI-USAP via DODAMARG,PRV153,#REF!,#REF!
PRV154,PANAJI-SAUNDATTI via CHORLA,PRV154,#REF!,#REF!
PRV16,PANAJI-BICHOLIM via MAPUSA,PRV16,#REF!,#REF!
PRV160,PANAJI-MYSURU via SHIVAMOGGA,PRV160,#REF!,#REF!
PRV161,PANAJI-MYSURU via SHIVAMOGGA,PRV161,#REF!,#REF!
PRV161,PANAJI-MYSURU via SHIVAMOGGA,PRV162,#REF!,#REF!
PRV163,PANAJI-HUBALI,PRV163,#REF!,#REF!
PRV164,PANAJI-GULBARGA,PRV164,#REF!,#REF!
PRV166,PANAJI MKT-PEDNE via PANAJI,PRV166,#REF!,#REF!
PRV167,PANAJI-ST. ESTEVE via MARCEL,PRV167,#REF!,#REF!
PRV168,PANAJI-VOLVOI via MARCEL,PRV168,#REF!,#REF!
PRV169,SANKHALI-BHIRONDA via HONDA,PRV169,#REF!,#REF!
PRV174,VALPOI-SHIGNE via NAGARGAO,PRV174,#REF!,#REF!
PRV175,ASSNODA-VERNA IND via PANAJI,PRV175,#REF!,#REF!
PRV176,QUITLA-GALVAR PHC via ALDONA,PRV176,#REF!,#REF!
PRV177,PANAJI MKT-TORSHE,PRV177,#REF!,#REF!
PRV178,MAPUSA-QUITLA via ALDONA,PRV178,#REF!,#REF!
PRV179,MAPUSA-QUITLA,PRV179,#REF!,#REF!
PRV18,MAPUSA-VALPOI via BICHOLIM,PRV18,#REF!,#REF!
PRV183,MAPUSA-DMC COLLAGE via KHORLIM,PRV183,#REF!,#REF!
PRV184,MAPUSA-SALVADOR,PRV184,#REF!,#REF!
PRV185,MAPUSA-MANDRE MDMZ via ARABO,PRV185,#REF!,#REF!
PRV186,PANAJI-HARMAL via ARABO,PRV186,#REF!,#REF!
PRV187,MAPUSA-CHANDEL,PRV187,#REF!,#REF!
PRV188,PANAJI-MOP. P.WADA via PEDNE,PRV188,#REF!,#REF!
PRV189,MAPUSA-HARMAL via PEDNE,PRV189,#REF!,#REF!
PRV19,BICHOLIM-PONDA via MARCEL,PNJ17,#REF!,#REF!
PRV19,BICHOLIM-PONDA via MARCEL,PRV19,#REF!,#REF!
PRV190,MAPUSA-PATRADEVI via KULAN,PRV190,#REF!,#REF!
PRV191,MAPUSA-NETARDE,PRV191,#REF!,#REF!
PRV192, MAPUSA-KHARPAL via BICHOLIM,PRV192,#REF!,#REF!
PRV2,PANAJI-VASCO via CORTALIM,PRV2,#REF!,#REF!
PRV20,MAPUSA-BICHOLIM via ASSNODA,PRV20,#REF!,#REF!
PRV200,EV PANAJI-EV DHAVE,PRV200,#REF!,#REF!
PRV203,EV PANAJI-EV PATRADEVI,PRV203,#REF!,#REF!
PRV205,EV MAPUSA-EV PANAJI,PNJ106,#REF!,#REF!
PRV205,EV MAPUSA-EV PANAJI,PRV205,#REF!,#REF!
PRV206,HARMAL-MORJI-PEDNE-PATRADEVI,PRV206,#REF!,#REF!
PRV207,MAPUSA-ZOLAMBE,PRV207,#REF!,#REF!
PRV208,MAPUSA-MENKURE,PRV208,#REF!,#REF!
PRV209,PANAJI-HONDA,PRV209,#REF!,#REF!
PRV21,PANAJI MKT-USTE via MAPUSA,PRV21,#REF!,#REF!
PRV210,PANAJI-HONDA,PRV210,#REF!,#REF!
PRV211,MAPUSA-FARMAGUDI,PRV211,#REF!,#REF!
PRV218,PATRADEVI-MORJIM,PRV218,#REF!,#REF!
PRV219,MAPUSA-PATRADEVI,PRV219,#REF!,#REF!
PRV22,PANAJI-ZARME via MAPUSA,PRV22,#REF!,#REF!
PRV221,MAPUSA-PATRADEVI,PRV221,#REF!,#REF!
PRV222,MARGAO-SAVAI,PRV222,#REF!,#REF!
PRV223,PANAJI-MADEL,PRV223,#REF!,#REF!
PRV224,MARGAO-VOLVOI,PRV224,#REF!,#REF!
PRV225,PANAJI MKT-VASCO,PRV225,#REF!,#REF!
PRV226,PANAJI-HUBALI,PRV226,#REF!,#REF!
PRV228,MAPUSA-PEDNE,PRV228,#REF!,#REF!
PRV229,HASAPUR-PATRADEVI,PRV229,#REF!,#REF!
PRV23,PANAJI-VELGUEM via MAPUSA,PRV23,#REF!,#REF!
PRV230,ADVOI-MORRLLEM,PRV230,#REF!,#REF!
PRV231,MAPUSA-MAPUSA,PRV231,#REF!,#REF!
PRV232,PANAJI-PATRADEVI,PRV232,#REF!,#REF!
PRV233,BICHOLIM-HATURLI,PRV233,#REF!,#REF!
PRV234,MADEL-MADEL,PRV234,#REF!,#REF!
PRV24,PANAJI-SHIGNE via MAPUSA,PRV24,#REF!,#REF!
PRV26,PANAJI-KARANZOL via MAPUSA,PRV26,#REF!,#REF!
PRV27,PNJ K.AKDMI-NANODA via MAPUSA,PRV27,#REF!,#REF!
PRV28,PANAJI-HIVRE via MAPUSA,PRV28,#REF!,#REF!
PRV29,PANAJI-HIVRE,PRV29,#REF!,#REF!
PRV3,PANAJI-HARBOUR via CORTALIM,PRV3,#REF!,#REF!
PRV30,PANAJI-HIVRE via MARCEL,PRV30,#REF!,#REF!
PRV31,PANAJI-NANODA via MARCEL,PRV31,#REF!,#REF!
PRV32,PANAJI MKT-NANELI via MARCEL,PRV32,#REF!,#REF!
PRV33,PANAJI-ZARME via MARCEL,PRV33,#REF!,#REF!
PRV34,PANAJI-ADVOI via MARCEL,PRV34,#REF!,#REF!
PRV35,PANAJI-BHIRONDA,PRV35,#REF!,#REF!
PRV36,PANAJI-KUMARWADA,PRV36,#REF!,#REF!
PRV38,VALPOI-VELGUEM via SAVARSHE,PRV38,#REF!,#REF!
PRV39,VALPOI-ADVOI via SAVARSHE,PRV39,#REF!,#REF!
PRV40,VALPOI-SATRE via NAGARGAO,PRV40,#REF!,#REF!
PRV41,VALPOI-USTE via NAGARGAO,PRV41,#REF!,#REF!
PRV42,VALPOI-HIVRE via PALI,PRV42,#REF!,#REF!
PRV43,VALPOI-KUMARKHAN via REDIGHAT,PRV43,#REF!,#REF!
PRV44,VALPOI-ZARME via MHAUSHI,PRV44,#REF!,#REF!
PRV45,PANAJI-MORLLEM,PRV45,#REF!,#REF!
PRV46,PNJ K.AKDMI-SURLA,PRV46,#REF!,#REF!
PRV47,PANAJI-SURLA,PRV47,#REF!,#REF!
PRV48,PANAJI-BHATWADI TK,PRV48,#REF!,#REF!
PRV49,PANAJI-SAL via DODAMARG,PRV49,#REF!,#REF!
PRV5,PANAJI-MARGAO,PRV5,#REF!,#REF!
PRV50,PANAJI-DHUMASHE via ASSNODA,PRV50,#REF!,#REF!
PRV51,PANAJI-USAP via ASSNODA,PRV51,#REF!,#REF!
PRV52,SANKHALI-SURLA via KHODGINI,PRV52,#REF!,#REF!
PRV53,PANAJI MKT-MAPUSA via SUCCURRO,PRV53,#REF!,#REF!
PRV55,PANAJI-QUITLA via MAPUSA,PRV55,#REF!,#REF!
PRV57,PANAJI-BICHOLIM,PRV57,#REF!,#REF!
PRV58,PANAJI MKT-GOLJUVEM,PRV58,#REF!,#REF!
PRV59,PANAJI-MAPUSA via UCASSAIM,PRV59,#REF!,#REF!
PRV60,PANAJI-MAPUSA,PRV60,#REF!,#REF!
PRV61,PANAJI-CALVI TAR via MAPUSA,PRV61,#REF!,#REF!
PRV62,PANAJI-AMADI via MAPUSA,PRV62,#REF!,#REF!
PRV63,MAPUSA-BICHOLIM via ALDONA,PRV63,#REF!,#REF!
PRV64,MAPUSA-AMADI via ALDONA,PRV64,#REF!,#REF!
PRV65,MAPUSA-AMADI/CALVI via ALDONA,PRV65,#REF!,#REF!
PRV66,MAPUSA-CALVI TAR via ALDONA,PRV66,#REF!,#REF!
PRV67,MAPUSA-GOLJUVEM via ALDONA,PRV67,#REF!,#REF!
PRV68,MAPUSA-VARPAL via ALDONA,PRV68,#REF!,#REF!
PRV69,MAPUSA-MADEL via ALDONA,PRV69,#REF!,#REF!
PRV70,PANAJI-SINQUIREM,PRV70,#REF!,#REF!
PRV71,PANAJI-MADEL,PRV71,#REF!,#REF!
PRV72,PONDA-NARVA FERRY,PRV72,#REF!,#REF!
PRV73,MADEL-NARVA via SADETIR,PRV73,#REF!,#REF!
PRV74,MADEL-MADEL FERRY,PRV74,#REF!,#REF!
PRV75,MADEL-SAUD SCHOOL,PRV75,#REF!,#REF!
PRV76,BICHOLIM-BICHOLIM,PRV76,#REF!,#REF!
PRV77,BICHOLIM-NARVA via MAYEM LAKE,PRV77,#REF!,#REF!
PRV78,BICHOLIM-NARVA,PRV78,#REF!,#REF!
PRV79,BICHOLIM-BICHOLIM via SINQUERIM,PRV79,#REF!,#REF!
PRV80,BICHOLIM-MADEL via SADETIR,PRV80,#REF!,#REF!
PRV81,BICHOLIM-MADEL via HATURLI,PRV81,#REF!,#REF!
PRV82,BICHOLIM-MURDI via PILGAO,PRV82,#REF!,#REF!
PRV83,IBRAMPUR-VALPOI via ADVOI,PRV83,#REF!,#REF!
PRV84,IBRAMPUR-VALPOI via BICHOLIM,PRV84,#REF!,#REF!
PRV85,PANAJI-IBRAMPUR via ASSNODA,PRV85,#REF!,#REF!
PRV86,PANAJI-IBRAMPUR via KULAN,PRV86,#REF!,#REF!
PRV87,PANAJI MKT-HANKHANE via KULAN,PRV87,#REF!,#REF!
PRV88,PANAJI MKT-HALARNA via KULAN,PRV88,#REF!,#REF!
PRV89,PANAJI-HALARNA,PRV89,#REF!,#REF!
PRV90,PANAJI-PORASKADE via WARKHAND,PRV90,#REF!,#REF!
PRV91,MAPUSA-MADKAI via DADACHIWADI,PRV91,#REF!,#REF!
PRV92,MAPUSA-MOP. P.WADA via PEDNE,PRV92,#REF!,#REF!
PRV93,MAPUSA-BHUTWADI via PEDNE,PRV93,#REF!,#REF!
PRV94,PANAJI-KORGAO via PEDNE,PRV94,#REF!,#REF!
PRV95,PANAJI-KORGAO via ARABO,PRV95,#REF!,#REF!
PRV96,PANAJI-MORJIM via ARABO,PRV96,#REF!,#REF!
PRV97,PANAJI-ASHVE,PRV97,#REF!,#REF!
PRV98,PANAJI-HARMAL,PRV98,#REF!,#REF!
PRV99,PANAJI-HARMAL via PEDNE,PRV99,#REF!,#REF!
VSD10,PANAJI-SHIRODA via PONDA,VSD10,#REF!,#REF!
VSD13,PONDA-SHIRODA,VSD13,#REF!,#REF!
VSD14,VASCO-HEDODE,VSD14,#REF!,#REF!
VSD15,VASCO-HEDODE,VSD15,#REF!,#REF!
VSD16,VASCO-SONAL,VSD16,#REF!,#REF!
VSD17,PANAJI-KADTARI via MARCEL,VSD17,#REF!,#REF!
VSD18,PANAJI-ANSOLEM via MARCEL,VSD18,#REF!,#REF!
VSD19,PONDA-KUDCHRE TMP via MARCEL,VSD19,#REF!,#REF!
VSD20,MARGAO-KUDCHRE TMP,VSD20,#REF!,#REF!
VSD21,HARBOUR-AKHADA,VSD21,#REF!,#REF!
VSD22,PANAJI-KAMORCOND,VSD22,#REF!,#REF!
VSD24,PANAJI-PONDA via TALAULIM,VSD24,#REF!,#REF!
VSD25,PANAJI-BHUTWADI via PEDNE,VSD25,#REF!,#REF!
VSD26,PANAJI-MANDRE MDMZ,VSD26,#REF!,#REF!
VSD27,HARBOUR-DEVSU,VSD27,#REF!,#REF!
VSD28,HARBOUR-ASSOLDA via QUEPEM,VSD28,#REF!,#REF!
VSD29,VASCO-POLLEM BDR,VSD29,#REF!,#REF!
VSD3,VASCO-MARGAO MKT via CORTALIM,VSD3,#REF!,#REF!
VSD30,VASCO-HARBOUR via SADA,VSD30,#REF!,#REF!
VSD33,VASCO-CIPLA via BIRLA,VSD33,#REF!,#REF!
VSD34,HARBOUR-GOA UNVRSTY via CORTALIM,VSD34,#REF!,#REF!
VSD35,SADA-FMD ENG CLG,VSD35,#REF!,#REF!
VSD36,SADA-RITE COLAGE via CORTALIM,VSD36,#REF!,#REF!
VSD38,MARGAO-PANAJI via CANSAULIM,VSD38,#REF!,#REF!
VSD4,VASCO-PONDA via CORTALIM,VSD4,#REF!,#REF!
VSD40,VASCO-MOLLEM,VSD40,#REF!,#REF!
VSD43,AIRPORT-CALANGUTE via PANAJI,PRV136,#REF!,#REF!
VSD43,AIRPORT-CALANGUTE via PANAJI,VSD43,#REF!,#REF!
VSD43,AIRPORT-CALANGUTE via PANAJI,VSD74,#REF!,#REF!
VSD46,MARGAO-VASCO via CIPLA,VSD46,#REF!,#REF!
VSD50,SADA-HONNAWAR,VSD50,#REF!,#REF!
VSD51,VASCO-KARWAR,VSD51,#REF!,#REF!
VSD52,VASCO-RAICHUR,VSD52,#REF!,#REF!
VSD52,VASCO-RAICHUR,VSD53,#REF!,#REF!
VSD54,VASCO-RAICHUR,VSD54,#REF!,#REF!
VSD54,VASCO-RAICHUR,VSD55,#REF!,#REF!
VSD56,VASCO-HUBALI,VSD56,#REF!,#REF!
VSD57,VASCO-HUBALI,VSD57,#REF!,#REF!
VSD58,VASCO-BELGAVI CBT,VSD58,#REF!,#REF!
VSD58,VASCO-BELGAVI CBT,VSD69,#REF!,#REF!
VSD59,VASCO-MUDDEBEHAL via ANMOD,VSD59,#REF!,#REF!
VSD6,HARBOUR-MARGAO via CORTALIM,MRG9,#REF!,#REF!
VSD6,HARBOUR-MARGAO via CORTALIM,VSD6,#REF!,#REF!
VSD60,VASCO-BELGAVI CBT,VSD60,#REF!,#REF!
VSD62,VASCO-SOLAPUR via KOLHAPUR,VSD62,#REF!,#REF!
VSD63,VASCO-MIRAJ,VSD63,#REF!,#REF!
VSD64,VASCO-SAWANTWADI via PATRADEVI,VSD64,#REF!,#REF!
VSD65,SADA-MALVAN via MALEWAD,VSD65,#REF!,#REF!
VSD66,SADA-KARLI via MALEWAD,VSD66,#REF!,#REF!
VSD67,SADA-VENGURLA via MALEWAD,VSD67,#REF!,#REF!
VSD68,VASCO-HUBALI,VSD68,#REF!,#REF!
VSD7,HARBOUR-PONDA via CORTALIM,PNJ20,#REF!,#REF!
VSD7,HARBOUR-PONDA via CORTALIM,VSD7,#REF!,#REF!
VSD70,VASCO-MUDDEBEHAL via CHORLA,VSD70,#REF!,#REF!
VSD72,VASCO-KALABURAGI via CHORLA,VSD72,#REF!,#REF!
VSD73,VASCO-KALABURAGI via ANMOD,VSD73,#REF!,#REF!
VSD76,VASCO-OLD GOA,VSD76,#REF!,#REF!
VSD81,AGAPUR-VASCO,VSD81,#REF!,#REF!
VSD82,AGAPUR-PANAJI,VSD82,#REF!,#REF!
VSD83,ASSOLDA-VASCO,VSD83,#REF!,#REF!
VSD84,CIPLA-KARWAR,VSD84,#REF!,#REF!
VSD85,VASCO-KARWAR,VSD85,#REF!,#REF!
VSD86,MORJI TMPLE-MANDRE MDMZ,VSD86,#REF!,#REF!
VSD87,VASCO-KARLI,VSD87,#REF!,#REF!
VSD88,MORJI TEMPLE-MANDRE MDMZ,VSD88,#REF!,#REF!
