stop_name,stop_code,latitude,longitude
45 CHARI,4CHEA,19.986243,74.527975
AMABANER FATA,AAADN,20.352902,73.862408
AJANG,AAAGMN,20.609415,74.479295
AMBASAN FATA,AAANFT,20.695498,74.374715
AWAHATI FATA,AAASN,20.665958,74.148803
AMBEWADI,AABWIN,20.171041,74.430431
ABANER,AAEDN,20.328305,73.888603
ADGAON,AAGOYN,19.976686,74.572566
AGARI FATA,AAIDOR,19.866877,74.283906
ASARKHEDA FATA,AAKCN,20.331905,74.194583
AGASKHIND,AAKSN,19.80965,73.81743
AURANGABAD FATA,AARNNN,19.99414,73.79413
AMBAI MANDIR,ABAIMD,19.955193,73.521641
AMBEGAON,ABGYN,20.147366,74.27754
ABHONA,ABHNA,20.46175,73.91528
AADWADI (1ST),ADASN,19.73747,73.93395
AADWADI (LAST),ADASNK,19.73819,73.92372
ADGAON,ADGNN,20.019796,73.832144
ADVADHAN,ADHN,20.834325,74.754743
AMBEDKAR NAGAR,ADNG,20.2853,74.44076
ADARSOOL,ADRSL,20.010958,74.570808
ADSUREGAON,ADSRGN,20.01547,74.689608
AADWADI (2ND),ADWAIA,19.73759,73.93396
AHER VASTI,AENN,20.162983,74.029575
AHERWADI,AEWYN,20.15992,74.535362
ANGANGAON,AGNGN,20.045286,74.439046
AVASARI GHAT START,AGT,18.96292,73.94376
ASHRAM SCHOOL,AHACN,20.235974,74.068381
ASHRAM FATA,AHAMFT,19.908149,74.334524
ASHRAM,AHANN,20.228389,74.060324
AHIWANTWADI FATA,AHIN,20.39174,73.8841
ASHOK STAMBH,AHKNN,20.00525,73.784077
AKLAHRE,AHRE,19.893826,74.142694
ADHARVAT,AHRIN,19.68478,73.7088
ASHWALIHARSH,AHWARA,19.879745,73.482431
ARIVI,AIIDD,20.725858,74.700608
ALIVPADA,AIPSN,20.520356,73.621785
ANJINERI FATA,AJINRA,19.954546,73.591033
ANJANERI,AJNNN,19.95349,73.58581
ANJNERI FATA,AJRIFT,19.955421,73.600945
ANKAI GATE,AKAIEA,20.17953,74.43886
ANKAI FATA,AKAIFT,20.17266,74.44099
AKOLE,AKLE,19.54036,74.0077
AKRALE,AKRALE,20.147831,73.84981
ANKUTE,AKTYN,20.113208,74.460603
ANKUTE RLY. STN.,AKUTEA,20.15043,74.470793
ATKAVADE,AKVSN,19.79343,73.98269
ALANGUN,ALNGN,20.547443,73.552738
ALEPHATA,ALPT,19.18212,74.09566
ALANGUN FATA,ALUNFT,20.546504,73.573527
ALWAND,ALWND,19.849035,73.483115
AMBASAN,AMAN,20.704383,74.360651
AMBODE,AMBDE,20.472856,73.47359
AMBE DINDORI,AMBEDND,20.100243,73.850926
AMBODE,AMBODE,20.319645,73.614434
AMBOLI,AMBTN,19.977397,73.485506
ATMAMALIK ASHRAM,AMKARM,20.05143,74.37932
AMODA PADA FATA,AMPFT,20.505198,73.51032
ANANDVALI,ANAA,20.012143,73.748876
AURANGABAD NAKA,ANADNK,19.99385,73.78773
ANAKWADE,ANAK,20.19904,74.43492
ANNACHA MALA,ANCSN,19.74717,73.96583
ALANDI FATA,ANDIFT,18.74149,73.85924
AUNDANE,ANDNE,20.595241,74.202303
AUNDHEWADI,ANHSN,19.757817,73.84818
ANKAI,ANKI,20.144623,74.500137
ANTARWELI,ANTE,20.016088,73.82413
ADGAON VILLAGE,ANVL,20.315227,74.181311
ASHRAM SCHOOL,ARAMSC,20.136936,73.339523
AKRALE FATA,ARLEFT,20.14192,73.81812
AERANDGAON,ARNYN,20.037534,74.328656
ASTEGAON,ASEON,20.307428,74.487186
AVASARI FATA,ASF,18.97889,73.94643
ASKHEDA,ASHDA,20.782045,74.232105
ASHEWADI,ASHDI,20.100957,73.770221
ASTEGAON FATA,ASTO,20.296136,74.482385
ATHAMBE,ATABE,20.441375,73.96625
ATHAVADA BAZAR,ATBZR,20.33033,73.96764
AMBATHA,ATHA,20.587363,73.565458
ANTAKHELI FATA,ATKNN,20.19712,73.96641
ANTARVELI FATA,ATRDN,20.18081,73.99237
AWANKHED,AWD,20.2581,73.85144
AGWAN VASTI,AWNYN,20.044111,74.604183
BHAYAL FATA,BAACN,20.304069,74.085725
BHAYALE / SHINDE,BAACNK,20.240276,74.162886
BHAWADE FATA,BAADN,20.28664,74.100687
BOMBALTAK WADI,BAAKWD,19.989092,73.480564
BAHADURI,BAARI,20.28533,73.97512
BHAVANDAGAD FATA,BAASNK,20.542626,73.509668
BHADANE FATA,BADAHA,20.2551,74.37263
BHANDWAD,BADDN,20.41011,73.677009
BAGDU,BAGDUDN,20.521933,74.071373
BHATGAON,BAGYN,20.064174,74.443836
BRAMHANWADA,BAHANY,19.965833,74.212651
BHADHAVAN,BAHDN,20.524346,74.102822
BRAMHACA PADA FATA,BAHDNK,20.355464,73.792942
BRAMHACHA PADA,BAMHIA,20.370258,73.730362
BAPKHEDA,BAPDA,20.570779,73.806319
BHAVDE FATA,BAVDEA,20.406785,74.163333
BHAVANGAD FATA,BAVG,20.559621,73.60211
BHARVAS FATA,BAVYN,20.0705,74.27828
BHARWAS FATA,BAWSF,20.06986,74.280497
BHATWADI,BAWSN,19.82525,73.97716
BHADGAON,BBAGYN,20.075445,74.420193
BRAHMANWADA,BBAMNN,19.924263,73.930016
BRAHMANPADA,BBAMSN,20.791975,74.207908
BABAPUR,BBPDN,20.346718,73.933275
BOPEGAON,BBPGDN,20.23781,73.95529
BORGAON,BBRAKN,20.420606,73.78569
BORALA FATA,BBRLDN,20.31049,73.92075
BADGACHI PADA,BDADN,20.346713,73.671817
BADVAR VASTI,BDANN,20.01851,74.28146
BODASAI,BDSIPN,20.319645,73.614434
BEJE,BEJE,19.998066,73.575285
BEJ FATA,BEJFT,20.361003,73.892786
BEN,BENQ,20.548076,73.650037
BAFALUN,BFLUN,20.54182,73.513358
BAFAN VIHIR,BFVH,20.191706,73.30709
BEOGHAT,BGHT,20.312667,73.626024
BAGALVADI,BGLSN,19.96424,74.10514
BARAGAON PIMPRI,BGP,19.90467,74.05585
BHAGUR,BGR,19.8797,73.83275
BOGIRWADI,BGRSN,19.6854,73.9684
BAGDU FATA,BGUDN,20.517313,74.098041
BHALUR,BHALUR,20.234821,74.575306
BAHADURWADI,BHDRWD,20.2854,73.97508
BHALEWADI,BHEA,19.695321,73.918134
BHENDALI,BHELI,20.0055,74.02575
BHOJAPUR DEV,BHJPRDV,19.67263,74.04833
BHULEGAON,BHLGN,19.98827,74.663711
BHONSALA MILITARY SCHOOL,BHMLSC,20.011995,73.753818
BHORMAL,BHRAL,20.561825,73.582606
BHARDI,BHRDI,20.345155,74.515106
BHARDI FATA,BHRF,20.29304,74.476984
BHARAM,BHRM,20.067543,74.673915
BHOSARI,BHSRI,18.618618,73.827141
BHOYEGAON,BHYE,20.214326,74.173228
BHOYE VASTI,BHYVST,20.54173,73.528832
BHINGARE,BIGYN,20.008676,74.372458
BAIROBCHI WADI,BIOSN,19.789488,74.067066
BEJGAON FATA,BJANN,20.252346,74.535031
BEJE FATA,BJEAA,19.95552,73.600969
BIJORE,BJRE,20.443464,74.172254
BOKADAR,BKDR,20.07056,74.1968
BAKURDE,BKRKN,20.527645,73.830317
BELBARE,BLBRE,20.4785,73.92325
BALGAON DHAGA,BLDG,19.977313,73.693768
BELGAON DHAGA FATA,BLGAAA,19.97352,73.68543
BABHULGAON,BLGN,20.069391,74.445143
BEALGAON DHAGA,BLGNDHG,19.966069,73.660764
BOLKI,BLKI,20.593002,73.809147
BALAPUR,BLPNSK,20.156921,74.430776
BOMBALEWASTI,BMBLT,20.19987,73.91058
BHANWAD FATA,BNADFT,20.34245,73.62375
BANGALI BABA,BNASN,19.920496,73.884224
BINNER MALA,BNESN,19.73145,73.96061
BANGALI BABA,BNGLBA,19.88928,73.935464
BANDGAON,BNGNN,20.224526,74.658808
BANPIMPLA,BNIMGP,20.437834,74.175104
BANPADA,BNPD,20.548009,73.650038
BHOLARPADA FATA,BOADN,20.410124,73.677027
BHOKANI,BOASN,20.034553,73.806206
BHOKANI FATA,BOASNK,19.83113,74.14001
BORIPADA,BOIDATN,20.135771,73.349511
BHOKANE FATA,BOKAIA,19.83062,74.142412
BOKTA,BOKTAYN,19.970251,74.601528
BORAGAON,BORO,20.507703,73.75394
BOTA,BOTA,19.258147,74.141734
BAPKHADA VILLAGE,BPHKN,20.572035,73.807077
BOPANE FATA,BPNEFT,20.262754,74.246042
BERWADI,BRASN,19.973214,74.015606
BOR GAVATHA,BRGV,20.624448,73.595803
BARHE,BRHE,20.439457,73.526151
BRAHMANWADA,BRHMWD,20.032267,73.536193
BORKHIND FATA,BRHSN,19.805177,73.867046
BRAHMA VALLEY,BRHVALY,19.95195,73.56964
BRIDGE,BRIDGENN,20.006447,73.629795
BORALE,BRLDN,20.277622,73.939582
BARI GAVTHA,BRSN,20.614471,73.608529
BIO SECURITY COMPANY,BSCNYD,20.33033,73.96764
BORASTE VASTI,BSTEVS,20.193218,73.795953
BHATWADI FATA,BTDIFT,19.832095,73.985013
BHATGAON,BTG,20.285443,74.153757
BHUTMOKHADA,BTKMHD,20.082378,73.348123
BUNDHATE,BUDTE,20.634184,74.043466
BHUSE VILLEGE,BUENN,20.005815,74.086707
BHUSNI FATA,BUNKN,20.445408,74.017899
BORADE VASTI,BV,20.036616,74.370028
BUVACHA PADA FATA,BVACHPDFT,19.972676,73.493506
BHAVADI FATA,BVF,20.4053,74.16266
BRAHMA VALLEY FATA,BVFT,19.953361,73.585755
BOYEGAON,BYGNN,20.344106,74.504688
BHAYALE FATA,BYLEFT,20.28133,74.10166
BYTCO TALKIES,BYTC,19.95404,73.8376
BYTCO,BYTCO,19.95328,73.83937
BEZE FATA,BZTN,19.958715,73.614261
CHAS/NANDUR SHINGOTE FATA,CA/SN,19.6714,74.04891
CHANAKHA FATA,CAAFTWY,20.500265,73.974738
CHANAKAPUR,CAAKN,20.500265,73.974738
CHAPADGAON,CAANN,20.011386,74.073121
CHAPADGAON,CAASNZ,19.67657,74.04872
CHANDGAON FATA,CADYN,20.169061,74.473798
CHAUGAON BARI,CAGANSN,20.638723,74.260431
CHACHER FATA,CAHKN,20.553093,74.002216
CHARI,CAIMN,20.0856,74.13626
CHANDWAD FATA,CANDAA,20.367487,74.154197
CHASNALI,CANKA,19.96209,74.299019
COAL DEPOT FATA,CANN,20.012363,73.795871
CANAL,CANNS,20.06629,73.90894
CANOL,CANOLN,20.18595,73.88607
CHAROSA,CAODN,20.32033,73.67894
CHALOSGAON FATA,CAOMN,20.57664,74.57037
CHAPAPADA,CAPA,20.592947,73.808697
CHAVATHA,CATKK,20.312246,74.168632
CHARANWADI,CCAADN,20.425641,73.714743
CHANDIKAPUR,CCADKN,20.402277,73.883129
CHANDGAON,CCADYN,20.15723,74.475918
CHIKADI FATA,CCIADN,20.380838,73.590707
CHINCHKHED,CCICNN,20.182665,73.993846
CHINCHAWAD,CCICTN,20.104781,73.477538
CHINTAMANWADI,CCITST,19.65151,73.49666
COLONY FATA,CCLNAA,19.63917,74.04281
COLONY,CCLNDN,20.2559,73.94503
CDO,CDO,20.011613,73.796878
CHEADI,CEDNN,20.00102,73.9369
CHETTEGOAN,CETNN,20.00485,73.95514
CHANDAWAD,CHAAD,20.330988,74.235284
CHAS,CHASSN,19.67857,74.08957
CHICHONDI,CHCH,20.020991,74.428126
CHACHER,CHCHR,20.538846,74.072882
CHACHADGAON,CHHG,20.220837,73.67337
CHIKADI FATA,CHKDFT,20.396461,73.588319
CHIMBALI,CHMA,18.7081,73.84836
CHIMNABARI,CHMI,19.89212,73.69574
CHINCHAVE,CHNCVM,20.392309,74.332169
CHONDI,CHNDI,20.370154,74.4815
CHANDORI / SAIKHEDA X RD.,CHNDRSX,20.0186,73.99451
CHINCHOLI FATA,CHOFS,19.88712,73.93865
CHATORI,CHORI,19.994655,73.996685
CHANKAPUR FATA,CHPF,20.47302,73.961971
CHAUSALA,CHSDN,20.41971,73.786379
CHAS FATA,CHSFT,19.67131,74.04894
CHOUSALE,CHSLE,20.399188,73.818138
CHUSALE VILLEGE FATA,CHSLFT,20.420301,73.785995
CHAUFULI,CHULN,20.19435,73.8893
CAHAUGAON,CHUSN,20.632751,74.251918
CHANDWAD,CHWD,20.28151,74.10191
CHIKALOHAL FATA,CIAOA,20.48767,74.509726
CHIRAI,CIASN,20.514045,73.718216
CHINCH PADA,CICKN,20.599712,73.946211
CHIKHALI,CIHAWY,20.489322,73.749664
CHIKHAL AMBA FATA,CIHCN,20.330055,73.964695
CHILLARVADI,CILDN,20.242782,73.764972
CHITEGOAN FATTA,CITEIA,20.0039,73.95136
CHAKAN BAZAR,CKBZ,18.76895,73.86669
CHAKAN,CKN,18.75458,73.86056
CHIKANI FATA,CKNIFT,19.663031,74.158637
CHANDIKAPUR,CKPR,20.33444,73.88617
CHAIRAL BARI,CLBR,20.517625,73.692938
CHELADI,CLD,19.935303,73.860794
CHILARPADA,CLDA,20.317706,73.617142
COAL DEPOT,CLDP,20.067054,73.805556
CHIKHALHOL,CLHL,20.613049,74.622916
CHINCHAKHED FATA,CNCHKFT,20.182878,73.995179
CHANDGIRI,CNDG,19.93721,73.91744
CHANDURI,CNDR,20.02404,73.99573
CHAS NALEGAON FATA,CNF,19.72044,74.13554
CANAL,CNL,20.045199,73.805626
CANAL,CNLN,20.1059,74.03318
CHANDVAD,CNVD,20.283532,74.107074
CHINCHKHEDFATA,CNXKFT,20.19585,73.93048
CHONDHI,CODHMW,20.370451,74.481473
CHONDHI,CODNN,20.37113,74.48146
CHANDANAPUR GAON,CPGN,19.50915,74.20044
CHIRAI BARI,CRBR,20.517852,73.69278
CHAKRATIRTH,CTTH,19.971901,73.589629
DHAKAMBA,DAANN,20.103596,73.806865
DHAMANGOAN,DAAYN,20.062926,74.580768
DAK BUNGALOW,DAKBNG,20.050767,73.68498
DHANORE FATTA,DANOEA,20.060972,74.469884
DHANOSHI,DAOIN,19.69173,73.76649
DHANORE,DAONN,20.0345,74.22903
DHAMODE,DAOYN,20.110771,74.495083
DHARANGAON FATA,DARAIA,20.07971,74.21232
DAREL,DAREL,20.363799,74.533187
DAREGAON,DARG,20.663328,74.675371
DATTA MANDIR,DATMD,20.427565,74.171029
DAVACHWADI,DAVC,20.10509,74.06434
DP NALA,DAYN,20.134185,74.65148
DUDI BUDRUK,DBD,19.73882,74.11987
DUBEREWADI,DBERIA,19.76541,73.97019
DAREBHANGI,DBGI,20.562077,74.014049
DUBERE,DBRE,19.78034,73.97522
DUBERE WADI,DBREWD,19.8143,73.98772
DIST. BORDER,DBRMN,20.67307,74.67878
DEOLALI CAMP,DCM,19.90645,73.82567
DHARANGAON,DDAASN,19.83802,74.15661
DHANER,DDAENN,20.345149,74.515124
DANDEKAR VASTI,DDARVS,20.228675,74.028753
DODHED NALA,DDESN,20.664739,74.290438
DUGAON,DDGOCN,20.291705,74.320777
DAHIDI,DDHDDN,20.353608,73.772015
DAHEGAON,DDHGNN,19.893423,73.644133
DAHIVAD,DDHVCN,20.226607,74.243323
DODI KHURD FATA,DDIIA,19.74568,74.113
DONGAON,DDNACN,20.298578,74.409454
DEOTHAN,DDOHAA,19.64004,74.04316
DAREGAON,DDRGCN,20.315067,74.388679
DATTA NAGAR,DDTAKN,20.483707,73.910446
DEVARPADA,DEAP,20.626426,74.641776
DEVARGAON,DEAR,20.07428,73.58196
DEODONGARA,DENRA,20.173966,73.326664
DEOLALI VILLAGE,DEOLEO,19.94374,73.83553
DAHEGAON FATA,DEONFTN,19.899263,73.624556
DEVTHAN,DEVTHN,20.015115,74.686733
DEWALA,DEWL,20.45866,74.2149
DIGHAVAD,DGACN,20.227298,74.280243
DEOGAON,DGNNN,20.02665,74.26269
DUGAON,DGOMN,20.291266,74.321583
DHANOLI,DHALI,20.570611,73.800305
DAHWA MAIL,DHANN,20.14919,73.89548
DHADOSHI,DHDHI,19.893057,73.515411
DHODAMBE,DHDMB,20.32861,74.06403
DEHGAON FATA,DHGAIA,20.312489,73.793477
DAHEGAON,DHGNCN,20.255817,74.440949
DAHEGAOM,DHGNN,20.31151,74.66108
DHAGEWADI,DHGSIS,19.86538,74.02639
DHAMNIWADI,DHII,19.69244,73.69675
DHULE,DHL,20.8972,74.771048
DHULE X RD.,DHLXRDD,20.850189,74.763478
DHUMODI,DHMDI,19.993346,73.506839
DHAMANGAON,DHMGIN,20.041884,74.556615
DHAMORI FATA,DHOF,19.96696,74.274951
DHUDGAON,DHUDGN,19.9947,73.767549
DAHIVI,DHVI,20.20201,73.830525
DAHWA TAPAA,DHWAAA,20.32251,74.202719
DHANAKWADI,DHWDNSK,20.138766,74.432343
DAHYANE,DHYNE,20.607203,73.97705
TALEGAON,DIDN,20.14163,73.81791
DINDORI NAKA / NIMANI,DINK,20.012506,73.795744
DINDORI FATA,DINO,20.317704,73.617115
DIST. BORDER,DISTTN,19.983395,73.453023
DIKSHI,DKHNN,20.06135,73.89103
DEOLA,DLAI,19.72136,73.64632
DALVAT/HATGAD FATA,DLAKNK,20.548866,73.828636
DEOL BARI,DLBR,20.599851,73.612809
DHOLBARE,DLRE,20.695058,74.145541
DALVAT,DLVT,20.558193,73.824761
DHAKAMBE,DMBE,20.10373,73.807
DHAM WAKI,DMWK,18.82882,73.87682
DONGARGAON,DNACN,20.322825,74.323019
DONGARGAON,DNANN,20.07922,74.23137
DHONDBAR,DNBR,19.767913,73.899077
DINDORI,DNDR,20.22579,73.83993
DINDORI NAKA,DNDRINK,20.01078,73.79711
DONDE GAON,DNETN,20.076644,73.615112
DONGARGAON FATA,DNGRFT,20.017204,74.695962
DINDORI GAON,DNONN,20.013299,74.154938
DHANORA FATA,DNRAFT,20.07614,74.47044
DHANORE FATA,DNREFT,20.06352,74.47567
DWARKA NASIK ROAD FATA,DNRF,19.99361,73.79576
DANG SAUNDANE,DNSNZ,20.634184,74.043466
DHODAMBA,DOACN,20.355229,74.078984
DHONDGAVAN,DODCN,20.21005,74.01222
DHONDEGAON,DODG,20.07275,73.65993
DONGERGAON,DOER,20.094734,74.719946
DEOTHAN COLONY FATA,DOHAA,19.62631,74.04192
DHOKI FATA,DOISN,19.80818,73.9869
DHONNAR WADI,DONAA,19.64378,74.00031
DEORPADE,DOPMN,20.596045,74.601715
DEOPUR,DOUSN,19.89744,74.16372
DAPUR,DPR,19.75619,74.0545
DHARANGAON,DRADNN,20.05708,74.1812
DARASWADI FATA,DRASHA,20.156435,74.15043
DAREGAON FATA,DREGNM,20.56395,74.55125
DAREGAON,DRGKN,20.40177,73.88255
DWARKA HOTEL,DRHT,20.00655,73.82209
DHULE RLY. STN.,DRS,20.875351,74.773082
DARASWADI,DRSCN,20.24157,74.203448
DASVEL FATA,DSELFT,20.785228,74.132801
DESHMANE,DSHMN,20.0573,74.30348
DESARANA,DSRKN,20.543518,74.006716
DATTA NAGAR,DTAMN,20.4437,74.37746
DATTAMANDIR,DTAMNSN,19.935733,73.936942
DUTTA MANDIR,DTAYN,20.169091,74.47383
DATELI,DTL,19.83974,74.09121
DETALI,DTLISRNK,19.8397,74.09095
DEVI TEMPLE,DTM,19.99821,73.91079
DATANE,DTNE,20.0892,73.96661
DUDHKHEDA,DUDDA,20.34135,73.960024
DUGAON,DUGAON,20.070154,73.683618
DHULGAON,DUGYN,20.076756,74.417621
DHULGAON FATA,DULG,20.051425,74.403191
DHULWAD FATA,DULWIA,19.72674,74.04532
DHUMODI FATA,DUMO,19.966739,73.502547
DUDGAON,DUON,19.981625,73.64928
DEVGAON FATA,DVANNK,20.01991,74.27385
DAVRE MALA,DVESN,19.779702,73.918632
DEVGHAR,DVGR,20.293811,73.629283
DEVTHAN FATA,DVHPN,20.30832,73.71398
DEVALA FATA,DVLAFTM,20.431038,74.363786
DEVAL DARI,DVLSN,20.597357,73.602891
DIV OFFICE,DVOCN,19.99424,73.79747
DEVAR PADA,DVRAMN,20.075267,74.618869
DEVARGAON,DVRCN,20.213931,74.173215
DEVARGAON,DVRGN,20.074086,73.582751
DEVTHAN,DVTHN,20.339215,73.784708
DEVPUR FATA,DVURFT,19.87533,74.18846
DWARAKA,DWAKA,19.99447,73.79736
DNYANA FATA,DYNSN,20.758285,74.270156
DINDORI ZP DISPENSARY,DZD,20.16149,73.82149
ERANDGAON,EADAN,20.380641,74.482419
EKDARA,EDRAA,19.68875,73.80278
ENGG. COLLEGE-CHINCHOLI,EG.SN,19.864873,73.965193
ENGLISHMEDIUM,EGISN,20.596021,74.203165
EAKWAI,EKANN,20.244985,74.505013
EKLHARE FATA,ELANN,19.95343,73.838328
ERANDGAON FATA,ENONFT,20.36163,74.482031
EKLAHRE SINNAR FATA,ESF,19.94768,73.84606
FANASPADA,FSDA,20.149641,73.578602
FOREST DEPOT,FSDP,20.31686,73.8824
GHAGBARI,GABSN,20.41982,73.786321
GADAGA,GADAGA,20.434913,73.543295
GANDOLE,GADLE,20.381049,73.590604
GOLASHI FATA,GAHIFT,20.242454,73.633472
GAIKWAD MALA,GAIA,20.16149,73.82149
GANUR,GANUR,20.264492,74.185447
GOPALPURE NALA,GARENL,20.40436,73.543161
GANESHGAON,GASON,19.998202,73.626198
GAUNDGAON,GAUN,19.999613,74.604034
GAWANDGAON,GAWON,20.010963,74.570797
GHARWAD VILLEGE,GAWSN,19.82049,73.88051
GOBAPUR,GBPR,20.435734,73.954934
GONDEGOAN FATA,GDEGNN,20.0733,74.07259
GADGA FATA,GDGFT,20.433322,73.538371
GHODGAON CHOWK,GDONCK,20.426984,74.493056
GURUDESHWAR,GDWR,19.981649,73.648947
GHULEWADI FATA,GEDIFT,19.60002,74.19164
GHATALBARI,GGAADN,20.396603,73.588074
GANDOLE,GGNODN,20.366184,73.597719
GHODEWADI,GGOESN,19.838374,73.919454
GOPALWADI,GGPLNN,20.12904,74.45007
GAGAR WADI FATA,GGRWDFT,19.96123,73.596586
GHODAMBE,GHDMBE,20.507737,73.753949
GHAGBARI OTABARI FATA,GHOTFT,20.450781,73.760458
GHAREGAON,GHRO,19.49763,74.198713
GHODSARWADI,GHSW,19.64378,74.00031
GHOTI,GHT,19.7137,73.62255
GHUGE VASTI,GHUGVST,19.67259,74.04833
GAIRKHEDA,GIKYN,20.037428,74.615841
GAJARVADI FATA,GJRNN,20.031647,74.147895
GHATAL BARI,GLBR,20.404191,73.577263
GOLDARI,GLDRI,20.141662,73.332018
GANGAMHALUNGI,GLGI,20.044426,73.596548
GOLHEWADI,GLHWD,20.053495,74.558593
GOLKHAL,GLKHL,20.51557,73.9257
GALPADA,GLPDA,20.492591,73.720182
GAMBHIRWADI,GMBHRWDI,19.172395,73.850806
GAIMUKH,GMKH,18.97354,73.94564
GIMARE,GMRE,20.073298,73.663035
GANGAWE,GNACN,20.246401,74.30478
GANGADARWAJA,GNAYN,20.04481,74.483393
GONDE,GNDE,19.82929,73.67534
GONDE FATA,GNDEFT,19.80183,74.05179
GONDE VILLEGE,GNDEIA,19.79866,74.05588
GANDULMAL,GNDMAL,20.614537,73.608429
GANGAPADLI,GNGPD,19.98953,73.92539
GANGAPUR,GNGPRNN,20.030184,73.715686
GANGAWADI,GNGWD,20.033488,73.688891
GANESH KHIND FATA,GNKHDFT,19.66949,74.07406
GANORE VPPER,GNORAA,20.607253,73.977442
GANORE WADI,GNREWD,20.116064,73.857286
GANESH MANDIR,GNSHMDTN,19.934665,73.53149
GANESHGAON / TRIMBAK FATA,GNSHTRM,20.009606,73.622399
GANPAT BARI,GNTBARI,19.964775,73.52776
GANGURDE WADI,GNUCN,20.2193,74.32711
GHODEGAON FATA,GOEMN,20.360485,74.481839
GOLASHI,GOHI,20.253911,73.639071
GHODHEGAON CHAUKI,GOHMN,20.45905,74.50431
GOPEGAON,GOPE,20.223853,73.938474
GOPALPUR,GOPURSN,20.44054,73.523898
GOTUL,GOTUL,20.532808,73.65391
GANGAPUR DAM,GPDM,20.053433,73.684211
GANGAPUR VILLAGE,GPVL,20.030135,73.714679
GIRNARE,GRAMN,20.348156,74.377997
GIRNARE,GRNRENN,20.07177,73.66289
GARWARE,GRWRE,20.06135,73.89103
GOSRANE,GSRNE,20.491577,73.925946
GUEST HOUSE FATA,GUES,20.27643,73.87497
GUREWADI,GURE,19.83952,74.02878
GANGAVANE NALA,GVNENL,19.880194,74.041455
HAL COLONY,HALCOLN,20.099668,73.928265
H.A.L. MAIN GATE,HALMG,20.06523,73.95063
HAL,HALQN,20.104969,73.94012
HAN PADA,HANPD,20.133073,73.359516
HATRUNDI,HARDI,20.524011,73.547565
HATARUNDI,HATR,20.126974,73.374987
HADEPSAWARGOAN,HDPYN,20.133336,74.527695
HEDMBA,HEDMBA,20.011446,73.459224
HEDMBA FATA,HEDMBFT,20.013999,73.482431
HARSUL,HHRUNN,20.288287,74.297146
HIVRE FATA,HHVESN,19.69726,73.95829
HIVARKHEDA,HHVRCN,20.272651,74.24795
HAKEWADI,HKWDI,20.344008,74.56818
HAL GATE,HLGT,20.10007,73.928736
HAL MAIN GATE,HMG,20.105386,73.940553
HINGANWEHDA VILLAGE,HNAWE,19.97361,73.92638
HANDEADI,HNEKA,19.947571,74.292601
HARPAD VASTI,HRACN,20.344834,74.414557
HARNUL,HRNL,20.303346,74.29364
HARAN TEKDI,HRNTKDI,20.481546,73.724495
HARSUL,HRSLTN,20.116819,73.45151
HARSULE FATA,HRSUIA,19.81088,73.95054
HARSUL,HRUSN,19.81141,73.95543
HARSULE VILLEGE,HRUSNK,19.813373,73.956004
HISVAL,HSANN,20.314976,74.646813
HASTE FAT,HSESN,20.427119,73.563503
HISHWALGAON,HSHWAA,20.307306,74.624902
HISHWAL STATION,HSWNNK,20.287721,74.561868
HATOND,HTND,20.0856,74.13626
HATNORA,HTNOR,20.21504,73.80081
HATTIPADA,HTPND,20.40436,73.543161
HATTI,HTTI,20.333638,74.056815
HANUMAN NAGAR,HUANNG,20.01927,73.83127
HIVRE VILLAGE,HVESN,19.70233,73.97984
HIVARGAON,HVRGN,19.94828,74.09881
INDORE,IDRDN,20.056843,73.805669
INDORE FATA,IDREFT,19.99464,73.79031
IGATPURI,IGT,19.69375,73.56887
IGATPURI RLY. STN.,IRN,19.69496,73.56441
IGATPURI BYPASS,ITBS,19.69275,73.54401
JADHAV VASTI,JADHAD,20.0833,74.12587
JADHAV VASTI,JADVSTA,20.54805,73.553016
JATEGAON,JATONTN,19.961726,73.643983
JAWALE,JAWALEPN,20.403699,73.575078
JAYKHEDA,JAYDA,20.802008,74.17634
JAMBOOT FATA,JBOTFT,19.13961,74.02008
JAIDAR,JDR,20.592104,73.892358
JEOUR,JEOURNN,20.403367,74.613152
JAGDHNE WADA,JGDHAA,20.313058,74.646279
JOGMODI FATA,JGDIFT,20.317663,73.617048
JOGALTEMBHI,JGLNN,19.967924,73.947075
JOGMODI FATA,JGMDIFT,20.350086,73.595706
JAIGAON,JGN,19.932492,73.975219
JAKHORI FATA,JHRIFT,19.92769,73.91553
JAIDAR FATA,JIARFT,20.584732,73.932621
JAHULE,JJHLDN,20.404137,73.577114
JALGAON,JJLAMN,20.406042,74.486526
JAMGAON,JJMASN,19.84798,73.92518
JAKHORI VILLAGE,JKHVL,19.9667,73.91651
JALGAON,JLANN,20.42013,74.49218
JALGAON,JLAYN,20.05344,74.36772
JALKHED FATA,JLHDN,20.31836,73.69677
JALUKLE,JLKLE,20.19694,73.96667
JAMBUTAKE FATA,JMBUIA,20.176146,73.731866
JAMUL PADA,JMLPD,20.083812,73.34947
JAMBUTAKE,JMUDN,20.202098,73.83092
JANOARI FATA,JNANN,20.072283,73.904259
JANORI FATA,JNRDN,20.030131,73.855128
JANARAO WADI,JNRMS,20.044643,74.575229
JONDHALWADI,JODDI,20.287055,74.558421
JOPUL,JPL,20.1981,73.9016
JOPUL GAON,JPLCN,20.241305,74.165073
JOPUL FATA,JPULFT,20.19833,73.90737
JIRVADE,JRAKN,20.561476,73.886575
JORAN FATA,JRANFT,20.314055,73.705372
JEJURKAR MALA,JRML,20.041884,74.556615
JIRWADE VILLAGE,JRWAAA,20.558547,73.80617
JAITAPUR FATA,JTPRFTD,20.34009,74.03212
JAMUVANT PADA,JUNTPD,20.559427,73.602266
JAWALE,JWALE,20.408617,73.568884
JAWHAR FATA,JWARFT,19.6655,73.50055
JAYBARI,JYBRI,20.594726,74.042713
JAYADARE,JYDYN,20.15982,74.535336
KHADAKWADI/BHILMAL,KAATNK,19.901413,73.545813
KARANJUL,KAAUL,20.624778,73.595708
KAMBALE,KABLE,19.95965,73.62973
KHAMBALE FATA,KABNN,19.95978,73.6366
KHAMBALE,KABSN,19.80044,74.12418
KHANDAL WADI,KADCN,20.274633,74.094983
KHADGAON FATA,KADGAA,20.339159,74.500403
KHOPADI BUDRUK,KADIBD,19.83926,74.10759
KHANDOL MAL,KADSN,20.599636,73.612519
KHANGAON,KAGANN,20.1595,74.16963
KHADGAON FATA,KAGKN,20.545087,74.030726
KHADGAON,KAGNN,20.339159,74.500403
KAKANE,KAKANE,20.554317,74.066007
KAKADGAON,KAKD,20.7137,74.363638
KHADKI,KAKDN,20.244083,73.76274
KHADK SUKENA,KAKDNK,20.17474,73.90508
KHAMKHADA,KAKSN,20.527657,74.126719
KHAMKER VASTI,KAKYN,19.976431,74.574895
KALMATHE,KAMHE,20.472601,73.990462
KARAMBAL (HATGAD),KAMKKN,20.529588,73.84504
KANADI,KANADI,20.134963,74.379303
KHAPRALE FATA,KAPRIA,19.82069,73.89738
KARI,KARIN,20.182226,74.453948
KHAPRALE,KARSN,19.820119,73.923118
KAPASI FATA,KASF,20.42314,74.16969
KATAMGAON,KATM,20.01438,74.567516
KAUTKHEDA,KAUK,20.035215,74.625165
KAULANE,KAUNE,20.48856,74.50959
KACHARU PADA,KCHAIA,20.412607,73.551872
KADWA FACTORY,KDADN,20.229821,73.919781
KADRANJUL FATA,KDASN,20.563575,73.60149
KALAMB DIMBA COLONY,KDC,19.04484,73.95645
KADA KARKHANA,KDDN,20.2264,73.92502
KANMANDALE,KDEQ,20.304132,74.085666
KHADAKMALEGAON,KDME,20.15952,74.1697
KANADGAON FATA,KDOF,20.282438,74.440004
KADUS FATA,KDUSFT,18.84688,73.88361
KELAVAN,KEAN,20.319645,73.614434
KHEDGAON COLONY,KEDGIA,20.210285,73.972664
KHEDLE ZUNGE GAON,KEDLIA,20.04656,74.21008
KHEDGAON FATA,KEDN,20.527205,74.026141
KHEDLE FATA,KELEFT,20.329595,73.790556
KELI,KELIAA,19.66235,73.91247
KHEDLA PAT,KELNN,20.04656,74.21008
KHERUDE,KEUSN,20.491235,73.775525
KOLHAPAR,KHAKKN,20.482602,74.016583
KOHLAPUR FATA,KHAKN,20.470372,74.009897
KHAMGAON,KHAMGN,19.963248,74.660993
KHOBALA,KHBLA,20.49988,73.591503
KAHADDEL DHOND,KHDH,20.475613,73.470023
KHADKHI PADA,KHDKPD,20.434619,73.54289
KHEDGAON,KHDON,20.22987,73.95353
KHED,KHDS,20.498901,73.607445
KHEDALE,KHELE,20.319899,73.796764
KHERWADI,KHEW,20.07319,74.072581
KHIRDI,KHIRDI,20.191392,74.662898
KHOKARI,KHKRSN,20.545837,73.584639
KACHURLI WADI,KHLIWD,19.950039,73.49346
KHAMBATE,KHME,19.73559,73.63523
KHAMBALE FATA,KHMF,19.76155,74.09811
KHAMBALE FATA,KHMFTN,19.962163,73.644486
KHOPADI,KHOI,19.834734,74.126748
KISHYAPI NAGAR,KHPING,20.07347,73.61284
KHIRAD FATA,KHRDFT,20.436335,73.772935
KHATWAD,KHTWD,20.11681,73.80967
KHIRAD FATA,KIAKN,20.470071,73.779237
KAILAS NAGAR,KIASNG,20.01075,73.81049
KHIRDI SATE FATA,KIDYNK,20.141883,74.569713
KHAIRGAON,KIGNNSK,20.076219,74.419245
KRISHNA GAON,KIHDN,20.321159,73.885458
KIRTANGALI,KITLI,19.908133,74.154716
KHIRVIRE FATA,KIVAA,19.68875,73.80278
KHIRVIRA,KIVR,19.64902,73.85731
KARANJKHED FATA,KJKEDN,20.427215,73.776261
KOJOLI,KJLTN,19.89656,73.528608
KHADAK JAMB,KJM,20.25038,74.07844
KHADGAON,KKAGKN,20.547601,74.034571
KHANGAON,KKAGNN,20.1524,74.19499
KHADKI,KKAKKN,20.592086,73.892349
KHARWANDI,KKAWYN,20.111568,74.679095
KOLAM,KKLMYN,20.087006,74.631415
KUMBHARI,KKMHNN,20.14461,74.029
KOKANGAON FATA,KKNG,20.15218,73.98302
KOKAN KHEDE,KKNKHD,20.288077,74.34936
KARANJI,KKRNNN,19.9767,74.19735
KARANJAL,KKRNSN,20.705949,74.146577
KASARWADI,KKSRSN,19.66815,74.08895
KOTHARE FATA,KKTAMN,20.695498,74.374715
KATARWADI,KKTRCN,20.206219,74.398114
KATARNI,KKTRYN,20.244731,74.349375
KELI VILLAGE,KLAA,19.66234,73.91249
KOLWAD FATA,KLADAY,20.08211,74.11078
KALMANE,KLADN,20.408075,73.521356
KALWAN FATA,KLAMN,20.478726,74.025395
KOLGAON,KLANN,19.99464,74.23992
KOLGAON,KLAYN,20.128692,74.633922
KALBHAIRAV,KLBADGSD,20.047328,74.556541
KOLTEK FATA,KLECN,20.218735,74.242555
KALKHODE FATA,KLHCN,20.20124,74.28284
KALKHADI,KLHDN,20.539393,74.136093
KALKHADI,KLHSN,20.528029,74.108314
KALANI FACTORY,KLNFTY,20.34009,74.03212
KOLPEWADI,KLPD,19.89105,74.35099
KHELDARI,KLRI,20.36767,74.15447
KALMUTHE FATA,KLUKN,20.461249,73.979146
KALMUSTE FATA,KLUTN,20.102875,73.377561
KALE VASTI,KLVSARA,20.10378,74.16329
KALWADI,KLWAKH,19.65196,74.02809
KAMALICHIWADI,KMAC,20.002546,73.481197
KUMSADI FATA,KMAKN,20.558339,73.806618
KUMBHARI,KMHKA,19.90542,74.41015
KOMBHALI,KMHLAAR,19.62347,73.90998
KOMALVADI,KMLSN,19.97044,74.05912
KUMSADI VILLAGE,KMSAAA,20.558603,73.806179
KANMANDALE FATA,KNACN,20.30433,74.08561
KANALAD FATA,KNAF,20.073215,74.146363
KUNDALGAON,KNAMN,20.32369,74.46211
KANDHANE,KNDEIN,20.46188,73.91539
KONDHAR,KNDHR,20.340741,74.533309
KANADGAON,KNDMN,20.342315,74.47408
KONDILPADA GHAT STARTS,KNDPDGS,20.450947,73.490531
KUNDEVADI,KNENN,20.10718,74.06249
KUNDEWADI FATA,KNESN,19.84466,74.02366
KANKURI VILLEGE,KNKUIA,19.75591,74.17495
KANLAD GAON,KNLAIA,19.966945,74.27431
KHANDERAO MANDIR,KNMN,20.04525,73.97201
KONAMBE VILLEGE,KNMSN,19.779719,73.918627
KANASHI FATA,KNSHFT,20.51019,73.92793
KANASHI,KNSHI,20.53019,73.90255
KANASIK,KNSKN,20.491568,73.925945
KANKURI FATA,KNUSN,19.7548,74.16583
KOLAWADI,KOAW,20.0986,74.15636
KOSHIMBE,KOHBE,20.353625,73.772026
KHORI FATA,KOIDN,20.405114,73.80517
KONKANGAON,KOKG,20.13412,73.96751
KOLI PADA,KOLIPD,20.457174,73.484331
KONE,KONE,20.070159,73.530665
KOTHUL,KOTHULSN,20.587318,73.565441
KOTHURE,KOTRE,20.01124,74.07315
KOSURDE,KOUDE,20.54091,73.825961
KOKANWADI,KOWA,19.68875,73.80278
KOPADI KHURD,KPDH,19.83915,74.10784
KERUPATIL WADI,KPILWD,19.937334,74.093617
KEPA NAGAR,KPSN,19.93279,74.09263
KURNALI,KRADN,20.14681,73.94263
KARANJVAN FATA,KRANIA,20.25149,73.75277
KARVANDARA FATA,KRASNK,19.68283,74.09385
KARNGKHED FATA,KRGSN,20.628466,74.041211
KARHE,KRHE,20.65488,74.276983
KORHATE,KRHTE,20.16728,73.86383
KRISHNA NAGAR,KRIHNGR,20.316601,73.882257
KARANJKHED,KRJH,20.426904,73.74525
KARAMBAL,KRMKN,20.533919,73.868411
KARANJGAON,KRNNN,20.02215,74.03812
KRISHNA NAGAR NEW,KRSHNGRN,20.29484,73.87759
KARSUL,KRUNN,20.14239,74.03006
KARWADI FATA,KRWF,19.92465,74.313188
KASABE SUKENA,KSABIA,20.07832,74.01303
KASARKHEDA,KSAH,20.1465,74.44137
KASHYAPI NAGAR,KSHYNGR,20.061859,73.606681
KUSMADI,KSMDI,20.157854,74.484945
KASARA,KSRA,19.64739,73.47467
KASARA,KSRAIN,19.6472,73.4744
KUSURGAON,KSRGN,20.148136,74.4712
KASTI FATA,KSTIFT,20.608478,74.480025
KOSAVAN,KSVKN,20.596729,73.884207
KATHI PADA,KTHIPD,20.571575,73.529936
KOTHURE FATA,KTHU,20.07298,74.08378
KOTAMGAON,KTMNN,20.17498,74.17055
KATARNI,KTRNI,20.186964,74.37034
KOTHURE GAON,KTUNN,20.069907,74.068749
KATE VASTI,KTVMS,20.11884,74.45248
KHATWAD FATA,KTWF,20.127773,73.812686
KUNDANE FATA,KUFA,20.414869,74.002433
KUMBHARDE,KUHDE,20.368122,74.357768
KOTHULE PADA,KULEPD,20.573855,73.541013
KUNDANE,KUNE,20.429295,73.906084
KUNDALGAON,KUNON,20.306961,74.449968
KHUNTEVADI FATA,KUNTEA,20.45103,74.23653
KUNDEWADI,KUNW,19.83964,74.02848
KURHE,KURHE,19.78311,74.16915
KURNOLI FATA,KURNFT,20.14691,73.93801
KURULI FATA,KUUF,18.73174,73.85634
KAVALANE VASTI,KVAN,20.485917,74.509542
KADVA DUBERE,KVDBS,19.77832,73.97324
KAVADDARA,KVDIN,19.76039,73.77155
KAVLANE,KVLNE,20.486971,74.509695
KHARWAL FATA,KWAF,20.03805,73.48145
KADAWA DUBERE,KWDRS,19.77858,73.97355
KALWAN,KWN,20.478556,74.025402
KISHYAPI RIVER BRIDGE,KYRBG,20.07661,73.61532
L & T -MALEGAON FATA,L&TIA,19.864904,73.96516
LATIFWADI,LAFDI,19.66719,73.5011
LAKHALGAON,LAKL,19.99775,73.9127
LAKHAMAPUR,LAKM,20.22589,73.83998
LAVALI,LAVALI,19.995072,73.55853
LADGAV,LDASN,20.526418,73.673832
LADGAON BUBALI,LDBL,20.519515,73.691228
LADING,LDNDD,20.76821,74.729039
LASALGAON,LGN,20.14713,74.23488
LOKHANDE WADI,LHADPAR,20.20713,73.89447
LAHVITH,LHIIN,19.85594,73.81521
LOHNER,LHNR,20.423234,74.169675
LAHOLI FATA,LHOLAA,19.942702,73.838414
LOHASHINGWE,LHSIN,19.82525,73.78995
LAHIT,LHT,20.103283,74.547821
LAHAVIT RLY. STN.,LHVTRNSK,19.81668,73.78106
LAKHARI,LKAKN,20.584783,73.932316
LAKHAMANPUR FATA,LKAMN,20.258365,73.851058
LAKHMAPUR GAON,LKHMIA,20.292191,73.822159
LAKALGAON,LKLAN,20.00004,73.92248
LAKHMAPUR FATA,LKMDN,20.25292,73.864
LAKHMAPU,LKMSN,20.554263,74.347288
LOLAGE VASTI,LLGNN,20.08739,74.25053
LOHNER,LLHESN,20.514871,74.195887
LAKHANI,LLKAKN,20.542071,73.880737
LONARWADI,LLNRSN,19.82016,73.97114
LONWADI,LNAI,20.16881,73.99202
LASALGAON CHANDWAD FATA,LSALHA,20.313366,74.24526
LASALGAON MANMAD FATA,LSLNNK,20.263322,74.407052
LOUWE WARKHADA,LUEKN,20.546784,73.844822
LOWER TIRAL,LWERAA,20.503884,73.809712
LOWE OZER,LWKN,20.503884,73.809712
MAHAULI,MAALI,19.34726,74.20566
MHASALKORE,MAANN,19.98701,74.11716
MOHADI FATA,MADIFT,20.18113,73.86887
MANGRULE,MAGLE,20.323709,74.201091
MANGRUL,MAGUL,20.327958,74.197953
MAHARASHTRA COL. FATA,MAHCOLFT,20.07781,73.8053
MAHALPATANE,MAHNE,20.522111,74.317006
MANJARGAON,MAJG,20.001459,74.09488
MAL,MALQD,20.10645,74.22785
MANAS HOTEL,MANASHT,19.69726,73.52857
MANI,MANIS,20.501278,73.610018
MANORI,MANORI,20.0791,73.80496
MADSANGAVI,MASVI,20.00242,73.86799
MATULTHAN,MAUAN,20.038758,74.486391
MAVADI FATA,MAVF,20.32909,73.89738
MAHIRAWANI,MAWN,19.9651,73.65103
MALYACHI WADI,MAYW,19.82073,73.87986
MCDOLL COMPANY,MCDOLL,20.254792,73.859914
MANCHAR,MCR,19.00422,73.9465
MIDC,MDCAMAM,20.171078,73.825633
MADKIJAMB FATA,MDIDN,20.193051,73.792271
MADKIJAMB,MDJMB,20.174638,73.793637
MADAKI JAMB,MDKDN,20.202106,73.830961
MEHADARI,MEARI,19.88712,73.93865
MALEGAON NAKA,MEGMMN,20.5677,74.55533
MC DEPO FATA,MENN,20.058937,73.805428
MALEGAON FATA,MEONFTS,19.86276,73.97029
MERI,MERI,20.01225,73.79574
MERI COLONY,MERICL,20.03244,73.802727
MESHI,MESHI,20.44534,74.3794
MHERVANI,MEVN,19.966725,73.66323
MAHEGAON DESHMUKH,MGDS,19.90902,74.39224
MAGRULE,MGUCN,20.323373,74.204444
MOHABARI FATA,MHABAA,20.529569,73.903025
MAHALKHEDA,MHAH,20.007839,74.387831
MOHANDARI FATA,MHANAA,20.429295,73.906084
MOHPADA,MHASN,20.507572,73.753933
MAHOBARI,MHBKN,20.567981,73.919856
MOHADI,MHDIDN,20.14509,73.89406
MEHADAR FATA,MHDKN,20.40503,73.988642
MAHADEO NAGAR,MHDNN,20.07232,74.27641
MAHADEO TEMPLE,MHDSN,19.909447,73.982352
MAHIRAVANI,MHIA,19.96592,73.660057
MAHAJE,MHJE,20.282827,73.636073
MHALUNGI,MHLUNGI,19.700467,73.897896
MAHAMARG,MHMRG,19.98788,73.78257
MOHPADA FATA,MHPAUA,20.528949,73.662037
MOHAPADA,MHPKN,20.465404,73.80625
MAHADARI FATA,MHRF,20.4093,73.88088
MAHIRAWANI VILLAGE,MHRTN,19.9651,73.65103
MHASARUL,MHSRL,20.03329,73.80306
MAIN GATE,MINN,20.10264,73.93693
MANJARGAON FATA,MJONFT,19.986823,74.117162
MAKRAND WADI,MKADN,20.42317,74.1697
MAKARAND WADI FATA,MKAREA,20.367529,74.15421
MUKHED FATA,MKEYN,20.05626,74.33508
MUKHED,MKHD,20.20755,73.95288
MANIK KHAMB,MKKM,19.75542,73.64698
MALHAR FATA,MLAKN,20.517909,74.031194
MALGAVAN,MLASN,20.526382,73.67395
MALEDUMALE FATA,MLDDN,20.376929,73.842093
MANGALIDAR,MLDR,20.600195,73.793138
MALEGAON,MLG,20.554534,74.534393
MALEGAON OLD,MLGNOLD,20.528308,74.522671
MALEGAON X RD.,MLGNXRD,20.507945,74.469527
MULANA VILLAGE,MLNKN,20.372667,73.940355
MAL RAN,MLRN,20.11725,74.16732
MELA STAND,MLSTD,19.998019,73.780338
MALWADI,MLWDI,20.470611,74.186585
MAKHAMALABAD FATA,MMADFT,20.046175,73.79192
MANMAD,MMD,20.25634,74.44136
MAMDAPUR FATA,MMDP,20.078441,74.671281
MUMGASA,MMGSA,20.489833,74.435301
MOHA PADA,MMHPN,20.520148,73.699715
MAHUR,MMHRKN,20.467835,74.007837
MUKHED,MMKEYN,20.001356,74.317123
MALWANDI,MMLAYN,20.121148,74.601101
MALAGAON FATA,MMLGSN,20.61516,73.983942
MALI VASTI,MMLYN,20.153946,74.60868
MAMDAPUR,MMMAYN,20.11038,74.677235
MANJARGAON,MMNANN,19.99728,74.11835
MANEGAON,MMNGSN,19.805424,74.006147
MANGARUL FATA,MNACN,20.322709,74.203313
MANMAD FATA,MNADFMN,20.165395,73.998898
MUNJABA FATA,MNANNK,20.15422,74.14808
MULEGAON,MNEONTN,19.904849,73.613018
MENDHI,MNHSN,19.907768,74.154654
MANGITUNGI,MNISN,20.824606,74.086963
MANDANE FATA,MNNEFT,20.36071,73.89356
MANMODA,MNOSN,19.872046,74.129321
MANUR,MNRANN,19.99707,73.84387
MANORI FATA,MNRDN,20.081097,73.803915
MANORI FATA,MNRIFT,20.082042,73.803733
MANJRE / ZADI FATA,MNRMN,20.393544,74.442125
MANORI,MNRSN,19.74463,74.15824
MANORI FATA,MNRYN,20.016192,74.32357
MOKBHANAGI,MOBGI,20.544098,74.017691
MOHEGAON FATA,MOEG,20.25038,74.551538
MOHA PADA,MOHAPDSN,20.520522,73.701741
MOHINIWADI,MOHW,19.954704,73.59204
MOKHBHANGI,MOKGI,20.562068,74.014054
MARHAL KHURD,MRASN,19.78069,74.1831
MARA BUDRAK,MRBSB,20.336283,74.620486
MARHAL LOWER,MRHLLWR,19.77935,74.18441
MORZHAR,MRHNN,20.249161,74.641013
MURMI,MRMI,20.108269,74.322283
MARATHI SCHOOL,MRTHVIT,20.09129,74.14511
MOREWADI,MRWDIS,20.57424,74.163498
MUSALGAON FATA,MSLSN,19.8405,74.05687
MALEWADI,MTEDIS,19.76155,74.09811
MATEWADI FATA,MTEWHA,20.349034,74.176012
MATEREWADI,MTRDN,20.26454,74.08855
MITHSAGAR,MTSSN,19.84202,74.24437
MATEWADI,MTWCN,20.346049,74.179468
MAUDI FATA,MUIDN,20.291902,73.934811
MULEGAON FATA,MULT,19.902216,73.613569
MUNDHEGAON,MUNH,19.77247,73.66054
MUSALGAON,MUSON,19.84034,74.05598
MUTHAL,MUTHAL,19.86421,73.87009
NANDURDI,NADDI,20.13475,74.10189
NADURI,NADURI,20.420114,73.901921
NANDURE SHINGOTE,NAEE,19.71891,74.13663
NAGADE,NAGADE,20.04411,74.516323
NEVARGAON FATA,NAGNFTN,20.09659,74.235595
NAGZARI,NAGZARI,20.459479,73.750179
NANASHI,NAHI,20.3409,73.622
NAIGAON,NAIGAI,19.953226,73.967905
NAKA NO. 6,NAKO,19.92631,73.83385
NANDUR,NANDR,20.0047,73.82649
NANASHI FATA,NANSHFT,20.242553,73.633461
NAGZARI RIVER/ RAJBHAVAN,NAZV,20.459509,73.750047
NASIK DHULE FATA,NDF,20.52951,74.5191
NANDURI,NDR,20.4093,73.88088
NANDUR NAKA,NDRNK,19.99667,73.8426
NANDUR FATA,NDUNNN,20.356529,74.560481
NEVARGAON,NEVGN,20.050671,74.399823
NIFAD,NFD,20.07682,74.10893
NAGYA SAGYA,NGANNK,20.392086,74.602224
NIMGAON/PIMPRI FATA,NGANSN,19.87168,74.1683
NAGARSUL RAILWY STATION,NGARAA,20.092693,74.534912
NIGDOL,NGDL,20.24,73.7718
NAGADE NAKA,NGDYN,20.040465,74.485113
NAGSHEVDI,NGHSN,20.512545,73.720955
NAGAIPADA,NGIDN,20.37121,73.747723
NAGAPUR FATTA,NGPNN,20.00817,73.97281
NAGARSUL,NGRSL,20.099377,74.54531
NAGSHE WADI,NGSHWD,20.510382,73.748016
NANDGAON VALUNJA FATA,NGVLFT,20.013956,73.481567
NAGZARI FATA,NGZRFT,20.457088,73.753106
NAIGAON VILLEGE,NIASN,19.951392,73.967608
NAIGAWAN,NIAYN,20.172826,74.47717
NASIK/ KALWAN FATA,NIKNKN,20.491892,74.022456
NIPHAD SUGAR FACTORY,NIPG,20.10582,74.03316
NASIK KARKHANA FATA,NKA,19.9217,73.88279
NAKODA,NKDA,20.509893,74.035947
NAKODA FATA,NKDAFT,20.514684,74.03254
NIMON KARHE FATA,NKF,19.678784,74.154956
NANDGAON KOHALI,NKH,20.018213,73.457195
NSK KARKHANA,NKKNN,19.904152,73.885228
NIKAM VASTI,NKMSN,20.13627,74.18384
NALA,NL,20.25472,73.751
NALVADA PADA,NLADN,20.275367,73.738956
NALWAD PADA,NLADPD,20.27554,73.73891
NALWADI FATA,NLDIFT,20.2019,73.83032
NILGAVON FATA,NLGAAA,20.58555,74.499398
NILKHEDA,NLHYN,20.144755,74.324104
NALVADI,NLVD,20.277665,73.758213
NILWANDI,NLWN,20.201995,73.830515
NIMGAWAN,NMACN,20.308155,74.27167
NIMGAV,NMASN,19.92158,74.16317
NIMBALE,NMBLE,20.23769,74.32597
NIMGAON,NMGAON,19.92477,74.0896
NIMANI,NMNI,19.993236,73.785701
NAMAPUR,NMPU,20.726608,74.310455
NIMGAON WAKADA,NMWK,20.134582,74.250916
NANDAGAON FATA,NNDAAA,20.2669,74.45169
NANDGAON FATA,NNDGAA,20.480491,74.509148
NANDURI / KALWAN FATA,NNDKWFT,20.334486,73.886001
NANDUR MAGNESHVAR,NNDMGVR,20.011653,74.152006
NANDESAR,NNDSR,20.006493,74.503528
NANDUR FATA,NNDUIA,20.00197,74.1438
NANDGAON,NNG,20.05435,74.24511
NAGAPUR,NNGPNN,20.265058,74.479
NANHAVE,NNHVE,20.274913,74.266176
NIMON,NNMNCN,20.31411,74.413045
NANDUR,NNNUNN,20.363809,74.533172
NANASHI / WANI X RD.,NNSHIXRD,20.33686,73.67647
NANDUR,NNUNN,20.292393,74.12296
NANDUR,NNUYN,20.022863,74.431731
NAVSARI,NNVANN,20.339255,74.500379
NIRGUDE,NRGDETN,20.115408,73.428851
NIRHALE,NRHLE,19.75516,74.20733
NARKHEDA,NRHYN,20.099583,74.584
NARUL ASRAM,NRLKN,20.400644,73.974675
NARUL VILLAGE,NRLKNK,20.400631,73.974669
NARAYANGAON,NRYGN,19.11753,73.97348
NAGESHWADI FATA,NSDIFT,20.513539,73.719109
NASIK CBS,NSKCBS,19.998021,73.780353
NASIK FATA,NSKFT,18.597764,73.801568
NASHIK MELA STAND,NSKMSD,20.000733,73.780851
NASIK NIMANI,NSKNMN,20.011725,73.797134
NASIK ROAD FATA,NSKO,19.951037,73.843986
NASIK OLD,NSKOLD,20.001253,73.782091
NASIK PANCHVATI,NSKPANV,19.99438,73.79753
NASIK ROAD,NSKRD,19.99473,73.78449
NASIK SATPUR,NSKSTP,19.99061,73.73241
NYTALE,NTL,20.06939,74.16736
NAITALA,NTLA,20.06946,74.16759
NAVASARI,NVSARI,20.345635,74.511932
NEW AOR - NAKA,NWANNK,20.01044,73.81097
NEW BEJ,NWBJ,20.511211,74.070346
NEW CBS,NWCBS,19.99801,73.78044
OZARKHED COLANY,OARKIA,20.27122,73.85386
OLD BEJ,OBJ,20.515596,74.072233
ODHA,ODHA,19.99711,73.90694
OZERKHEDA,OEKEBJ,20.276449,73.874976
OZHARKHED GAON,OHRDN,20.257968,73.851544
OLD ADGAON NAKA / HIRAWADI FATA,OLDA,19.99393,73.79687
OLD RATIR,OLDTR,20.66399,74.2973
ONEY,OREY,20.08166,73.98824
OLD ROAD FATA,ORFTNN,20.07347,73.61284
OFFICERS QUARTERS,ORQ,19.8423,73.81958
OCTRAI NAKA,OTAINK,20.03939,73.804559
OTUR VILLAGE,OUKN,20.404907,73.988651
OZARKHED & DAM,OZARDAM,20.276175,73.875213
OZAR,OZR,20.09645,73.926807
OZARKHED,OZRED,20.27511,73.87469
OZARKHED,OZREDTN,20.049126,73.62337
PANADANE,PAANE,20.362702,73.851887
PRATAP GAD,PAARMS,20.552989,73.613283
PABALWADI,PABALWD,20.10305,74.22638
PADA,PADA,20.098488,73.482779
PADA,PADAN,20.22656,73.83321
PADE,PADED,20.222843,73.78952
PALKHED,PAED,20.19371,73.85631
PIMPARKHED FATA,PAEDFT,20.339261,73.7847
PANEWADI,PAEDI,20.288838,74.536148
PANCHAWATI,PAHT,20.01636,73.82532
PANJARWADI,PAJW,20.048128,74.588096
PALE FATA,PALEFT,20.463866,74.002757
PALSAN FATA,PALSANFT,20.431272,73.562993
PANDHURLI,PANL,19.80965,73.81743
P. GAON GARUDESHVAR,PANNZ,20.011618,73.63367
PIMPALGAON FATA,PAONFT,20.28752,73.73374
PIMPALNARE FATA,PAREFT,20.10379,73.80699
PAR FATA,PARFT,20.128473,73.812856
PAR RIVER BRIDGE,PARVBRD,20.417951,73.561803
PAT,PAT,20.041616,73.688746
PATOLE,PATOLE,19.786154,73.99829
PACHORA KHURD,PCHRKH,20.134511,74.251156
PACHORA BK,PCONN,20.12661,74.274296
PARDESHI WADI,PDHIWD,20.244862,74.660811
PADLI FATA,PDLIFT,19.69503,73.95663
PADALI VILLEGE,PDLSN,19.68613,73.96098
PADASE,PDSE,20.459512,73.750097
PENGALWADI,PENA,19.95229,73.577385
PETROL PUMP / ANAND ASHRAM,PERP,20.043135,73.805372
PIMPALGOAN,PGAAN,20.16752,73.99069
PEGAL WADI,PGLWDTNK,19.94479,73.55112
PIMPALGAON,PGNB,20.167846,73.98755
PATHARDI FATA,PHDIFT,19.95654,73.7584
PAHINE,PHNTN,19.944568,73.548735
PACHORA GAON,PHOPNN,20.19562,74.01601
PACHORE FATA,PHREFT,20.219,74.04832
PIMPALAD (GANPATI MANDIR),PIDN,19.955455,73.521392
PIMPARI FATA,PIMFDN,20.39913,73.818113
PIMPALGAON BASWANT,PIMP,20.165399,73.988875
PINGALWADI FATA,PINF,20.411836,73.792513
PIMPALAD,PIPAD,20.004397,73.526699
PIMPLEGAON,PIPONN,19.94841,74.013501
PIMPRALE FATA,PIRT,20.362643,74.6141
PALKHED FATA,PKEDFT,20.20455,73.83459
PANCHAKESHWAR,PKWR,20.13451,74.10283
PIMPALGAON BAHULA,PLBH,19.987251,73.725931
PILCOSE FATA,PLCOAA,20.546847,74.083337
PALKHED DAM,PLDM,20.118,74.16742
PALKHED FATA,PLHNNK,20.14461,74.029
PILKOS,PLKS,20.519637,74.084119
PALASDAR,PLSDR,20.460728,73.795271
PALSE,PLSE,19.9244,73.87849
PALSAN,PLSN,20.501437,73.536949
PAL VIHIR FATA,PLVFT,20.557393,73.588775
PALVIHIR,PLVHR,20.557418,73.58874
PIMPALNER FATA,PMACN,20.25132,74.02782
PIMPAL GAON FATA,PMALGKAA,19.953481,73.977152
PIMPALKHUTE,PMAYNK,19.984833,74.622046
PIMRI FATA,PMIYN,20.111756,74.370318
PIMPLAS,PMLCN,20.218485,74.197026
PIMPLALE FATA,PMLKN,20.598168,73.939182
PIMPLUS FATTA,PMLNN,20.07044,74.04743
PIMPALGAON VAKHARI,PMPAEA,20.47011,74.29732
PIMPALGAON (B),PMPAIA,20.165399,73.988875
PIMPALAD (GANPATI MANDIR) FATA,PMPLDGFT,19.955517,73.521516
PIMPLAS RAMACHE,PMPLIA,20.162843,74.331708
PIMPALNER,PMR,20.948535,74.121381
PIMPRI BUDRUK,PMRIBD,20.019986,73.553627
PIMPRI FATA,PMRKN,20.435734,73.954934
PIMPRI,PMRNN,20.098,74.06088
PANHAVE,PNACN,20.273844,74.267741
PANHALPATI,PNAYN,20.116705,74.560774
PANCHALE VILLEGE,PNCHIA,19.87477,74.21561
PUNE RD,PNDNN,19.99923,73.78197
PANDE FATA,PNESN,20.760768,74.25462
PANCHAVATI X RD.,PNHAANKN,20.05089,73.805329
PANHALE FATA,PNHAHA,20.328703,74.2366
PANDHARI DEVASANI,PNHDN,20.421995,73.706113
PANASGAON,PNSNN,20.14188,74.08208
PANEWADI FATA,PNWNN,20.12737,74.17059
POTATO RESEARCH CENTRE,POAT,18.84338,73.88111
PORGAON,PORON,20.330442,73.967667
PIMPALGAON DHUM,PPAPDN,20.3079,73.71483
PIPLADAR,PPASN,20.585804,74.197944
PIMPALGAON/ BHAGUR FATA,PPLGNBHF,19.71145,73.68622
PIMPALNARE FATA,PPLNRFT,20.116117,73.809548
POLTRI,PPLRDN,20.31838,73.696847
PIMPALKHUTA,PPMAYN,20.14796,74.571675
PIMPRI,PPMRDN,20.374361,73.844685
PANHALE,PPNACN,20.258605,74.285201
PUNEGAON,PPNGDN,20.355227,73.829835
PANCHALE,PPNHSN,19.8739,74.21707
PIMPARI KHURD,PPRIKH,20.008817,73.555419
PARSUL,PPRUCN,20.273034,74.164076
PATODA,PPTDYN,20.144679,74.324257
PHULE NAGAR,PPUESN,20.673015,74.148124
PURNEPADA,PREPD,20.72769,74.70041
PADALI RLY. CROSSING,PRGI,19.81137,73.67006
PAREGAON CHAWFULI,PRGNCWF,20.3242,73.96722
PAREKHAR VASTI,PRKNN,20.34624,74.58087
PARMORI,PRMRI,20.25223,73.86522
PASTE VILLEGE,PSESN,19.84967,73.94155
PUTALE WADI FATA,PTALIA,19.86715,74.25402
PAT CANAL,PTCMN,20.12076,73.860794
PAT CHAUPULI,PTCNN,20.16487,73.92616
PATHERSHEMBE,PTECN,20.286455,74.246781
PATVIHAR,PTIKN,20.527118,74.026162
PETH KURWANDI,PTKR,18.92964,73.92587
PATALI,PTLNN,20.15067,74.05728
PETH NAKA,PTNKN,20.015122,73.793262
PETROL PUMP,PTOUNSK,19.96735,73.91721
PAT PIMPRI,PTPSN,19.90874,74.05906
PATTEWADI,PTTWD,19.702386,73.847029
PURI,PURIC,20.347537,74.122798
PANDAV LENE,PVLN,19.94385,73.74446
PAWARVASTI,PWRNN,20.14743,74.20385
PAYAR PADA,PYARPDSN,20.504951,73.706969
PAYARPADA,PYRDN,20.3915,73.88439
PATRYACHI WADI,PYW,20.00654,73.478829
RAILWAY CROSSING,RAILAI,20.07934,74.10978
RAITE,RAITE,20.048395,74.422703
RAJ POULTRY FARM,RAJPULFM,20.14407,73.81908
RAILWAY GATE,RALKAS,20.1301,74.13047
RASHEDGAON,RASD,20.155293,73.743726
REDGAON,RDGN,20.14461,74.029
RAHUD,RHD,20.34698,74.25092
RAHADI,RHDI,20.09476,74.719908
ROHILA FATA,RHILAA,20.071685,73.548208
ROHILE FATA,RHLEFT,20.068636,73.573395
ROHILE MALEGAON,RHLEMLGN,19.996485,73.564908
RAHATA,RHT,19.712806,74.483506
RAILY BRIDGE,RIYBWY,20.02892,73.92841
RAJDERVADI GAON,RJDEHA,20.380785,74.208339
RAJGURUNAGAR,RJGR,18.85463,73.88751
RAJAPUR,RJPNN,20.170076,74.625689
RAJAPUR,RJPRY,20.168266,74.624703
RAJURI,RJRNN,19.9079,73.70271
ROKDE HANUMAN MANDIR,RKEDD,20.760623,74.724069
RAKSHASHBHA,RKHSN,20.48463,73.465714
RAKSHASHBHA FATA,RKSHUA,20.446906,73.496456
RELWEY GATE,RLENN,20.236773,74.40547
RLY HOS IGATPURI,RLHO,19.6944,73.55486
RLY GATE,RLYGT,20.157121,74.22859
RAMNAGAR,RMADN,20.327552,73.887557
RAJEWADI,RMEDITN,20.01629,73.593801
RAMNAGAR,RMNAIA,19.770299,74.014879
RAMESHVAR FATA,RMSHA,20.43741,74.174794
RAMVADI,RMVDI,20.307898,73.714823
RANVAD,RNANN,20.14461,74.029
RANWAD FACTORY,RNANNK,20.211482,74.096316
RENDALA,RNAYN,20.100971,74.629449
RENDALA FATA,RNDAEA,20.079363,74.611606
RAN PADA,RNPD,20.534609,73.5554
ROPALE,ROPALE,20.232937,74.397885
REDGAON,RRDACN,20.236217,74.270013
RUI FATA,RRIFNN,20.03569,74.20187
RUI GAON,RRIGNN,20.02037,74.23406
RAIPUR,RRIUCN,20.24952,74.34925
RAILWAY CROSSING,RRIWNN,20.28474,74.662486
RAJAPUR,RRJPDN,20.21816,73.90376
RAMWADI,RRMASN,19.69938,74.10899
RATANGAD,RRTNCN,20.23872,73.992179
RAMESHWAR FATA,RSARFT,20.45073,74.17994
RASTE SUREGOAN,RSEYN,19.984558,74.621855
RATANGAD,RTNGD,19.975576,73.555425
RTO CORNER,RTOCRN,20.036032,73.803648
RAMTIR,RTRNSK,20.695449,74.33528
RAUT MAL FATA,RUDN,20.341,73.621968
RAVALJI VILLAGE,RVALAA,20.543487,74.018003
RAVALJI FATA,RVJIFT,20.528011,74.116669
RAVALGAON,RVLGN,20.620455,74.418403
RAVALJI,RVLJI,20.538406,74.020433
RANWAD SUGAR FACTORY,RWARNN,20.14461,74.029
RLY. BRIDGE,RYBI,20.204766,74.329117
RYETE,RYETEYN,20.04448,74.44229
RLY. STATION,RYYN,20.130185,74.469312
SHARAD WADI,SAADWD,19.84972,73.966843
SHAHA VILLEGE,SAASN,19.86596,74.28006
SAKUR ASHVI FATA,SAF,19.42688,74.20474
SAIKHEDA,SAIDA,20.01975,73.99592
SAUNDANE,SANNE,20.455206,74.39517
SARAD,SARAD,20.469418,73.750057
SATALI,SATALI,20.012296,74.406995
SAVAKI,SAVAKI,20.475206,73.951449
SAYEGAON,SAYO,20.211446,74.610771
SUBHASH NAGAR,SBHNGR,20.582048,73.549298
SECTION B,SCB,20.62151,74.42459
SCHOOL,SCHL,19.96796,73.91795
ST. DIVISIONAL. OFFICE,SDE,19.99468,73.78449
SHENDE PATI,SEDHSN,20.410194,73.677051
SEED FARM,SEEDFMTN,20.116561,73.460228
SHERI FATA,SEIFAT,19.66521,74.05092
SELU,SELUC,20.305889,74.145836
SHELU ALIKADACHI U,SELUHA,20.33173,74.14217
SHEVRE FATTA,SERNN,20.07325,74.14559
SHELU ALIKADACHI L,SEUCNK,20.33738,74.14316
SOGRAS FATA,SGACN,20.30579,74.146
SOGRAS FATA,SGAPN,20.304853,74.143354
SONGAON,SGASSN,20.01204,74.00828
SANGAMNER FATA,SGMNRFT,20.33033,73.96764
SOGRAS,SGRS,20.30481,74.14386
SHAH,SHAH,19.86613,74.28075
SHENIT FATA,SHENITFT,19.7893,73.78503
SHINGASHI,SHGHI,20.540971,73.826729
SHINDWAD,SHIAD,20.246488,73.986251
SHINDE,SHINDE,19.91519,73.89878
SHIVANAI,SHIVANAI,20.05124,73.812488
SHELU FATA,SHLF,20.33183,74.141959
SHALIMAR,SHLMR,20.00082,73.78672
SHILSPUR,SHLS,19.99847,73.89355
SHINDE PADA FATA,SHPFT,20.49917,73.713719
SHIROLI,SHRO,18.83079,73.87698
SHEREWADI,SHRWDI,20.04654,73.791859
SHIVRASTA,SHSTNSK,20.164895,73.788991
SHIMPI TAKALI FATA,SHTKFT,20.00817,73.97281
SHELU (UPPER),SHUP,20.3387,74.135028
SHIVKRUPA NAGAR,SHVKRNGR,20.157265,73.821975
SHIVPADA,SHVPD,20.31907,73.68498
SHIGAVE FATA,SIACN,20.272666,74.384597
SHIRASMANI,SIAM,20.437679,74.011576
SHIGAVE,SIAMN,20.269768,74.387681
SHIVAREGAON,SIANNK,20.050826,74.144353
SHIRATA,SIASN,20.541063,73.629751
SHIRASGAON,SIAYN,20.11961,74.303293
SHIVBHANDNE,SIBKN,20.558081,73.824711
SHINDE VASTI,SIDIP,19.81406,73.77392
SHINGAWAY FATA,SIGAA,19.8718,74.16853
SAIYGAON FATTA,SIGYN,20.048111,74.587783
SAIKHEDA FATA,SIHEANN,20.01945,73.9959
SAIKHEDA FATA,SIHFTJP,19.996425,74.118438
SAIKHINDE FATA,SIHNDE,19.65662,74.16013
SHINDEWADI FATA,SINDIA,19.87215,74.23419
SHIRWADA,SIRW,20.218619,74.04786
DATTA MANDIR,SISN,19.83384,74.12492
SHIRSONDI,SISO,20.434296,74.419959
SHIVAJI NAGAR,SIVAEA,20.039758,74.661305
SHIRVADA FATA,SIVCN,20.22454,74.08749
SHIVDA,SIVDIA,19.805193,73.866906
SHIGVE,SIVNN,20.033669,74.001183
SHIRVADA FATA,SIVNNK,20.25044,74.07836
SHIVAJI PUTALA,SJPT,19.951846,73.840608
SUKENA,SKENIA,20.07854,74.00122
SUKHE FATTA,SKEYN,20.092935,74.477511
SAKHORA,SKOAPN,20.13415,73.96805
SAKODE FATA,SKODAA,20.62374,74.022505
SAKOREPADA,SKORAA,20.447287,73.98225
SAKORA FATAATA,SKORIA,20.13774,73.96948
SAKORE FATA,SKREF,20.1377,73.96946
SAKUR FATA,SKURFTIN,19.7893,73.78503
SHELU LOWER,SLLW,20.277458,74.099219
SALSANE,SLSNE,20.2068,74.30918
SULEWADI FATA,SLWSN,19.88007,74.04124
SMBT HOSPITAL,SMBTL,19.81899,73.76415
SOMTHANDESH,SMHYN,20.147306,74.278075
SIMPI TAKALI,SMINN,20.0163,73.99159
SAMONDI,SMNTN,19.892886,73.515551
SANGAMNER,SMR,19.57305,74.2061
SAMESHERPUR,SMSEP,19.64378,74.00031
SOMESHWAR,SMSR,20.340186,74.484651
SOMAYA NAGAR,SMYNN,19.919905,73.884328
SANGAVI,SNACN,20.270059,74.248424
SANGALE VASTI,SNAEV,20.3174,74.491214
SANAP VASTI,SNAPVS,19.84688,73.9096
SANDIP FOUNDATION,SNDPFON,19.971283,73.677821
SANGAMNER,SNGAHA,20.33033,73.96764
SANGAMNER,SNGAIA,20.081791,73.803707
SHIVAJI NAGAR PUNE,SNGR,18.531808,73.850006
SANGHVI,SNHMN,20.422763,74.35594
SONEJAMB FATA,SNJDN,20.25763,73.93096
SONJAMB,SNJMB,20.27764,73.93967
SANGLE VASTI,SNLARAR,20.3174,74.491214
SONAMBE,SNMBE,19.79043,73.937084
SANGAMNER BY PASS,SNMNBP,19.61623,74.181208
SINNAR,SNNR,19.84429,73.99448
SANSARI NAKA,SNRINK,19.90723,73.83289
SAOVARGAON,SOANN,20.10937,74.45935
SOGRAS,SOGRAS,20.257358,74.083715
SOMPUR,SOMPUR,20.812918,74.124886
SONGIRI VILLAGE,SONGON,19.949562,73.943597
SOUNDANE,SONNE,20.45478,74.39785
SAKORE GAON,SORSKN,20.461748,73.999548
SAKORE GAON,SORSNM,20.13793,73.9694
SOMTHANE,SOTNE,20.169721,74.625752
SAPGAON,SPGN,19.958252,73.513823
SAPGAON FATA,SPGNFT,19.958427,73.513827
SURGANA PRATAPGAD FATA,SPRFT,20.553052,73.613309
SAPTE FATA,SPTEFTN,20.07038,73.545378
SARDE,SRDNSK,20.725845,74.314644
SUREGAON,SREGIA,19.78427,74.16214
SURGANA,SRGN,20.558746,73.63713
SURGANA / KALWAN FATA,SRGNKFT,20.32811,73.88849
SHRUNGAR PADA,SRNGPD,20.293797,73.629196
SHIRASGAON,SRNTN,19.966144,73.503459
SARSALE,SRSLE,20.42755,73.72561
SURYAGAD,SRYGD,20.551815,73.621841
SHIVANGAON,SSAONNN,20.011548,73.633722
SABARWADI,SSBRYN,20.118315,74.398414
SHEREWADI,SSEEAA,19.62788,74.04186
SHELKEWADI,SSEKYN,20.126238,74.276533
SHIRASGAON FATA,SSGNFT,20.119132,73.437045
SHIVARE,SSIACN,20.326698,73.93208
SHIVADI,SSIANN,20.12074,74.12915
SHIVAJI NAGAR,SSIASN,20.530218,74.101779
SAIGAON,SSIAYN,20.044711,74.57534
SHINDE,SSIDSN,19.91483,73.8984
SHINGAVE,SSIGCN,20.270746,74.386298
SHIRSANE,SSISCN,20.357096,74.043078
SUKAPUR,SSKPKN,20.489144,73.776512
SOMTHANE,SSMHSN,19.950978,74.215607
SOMTHANA,SSMHYN,20.14621,74.312854
SONARI,SSNRSN,19.793222,73.949024
SONEWADI,SSNWSN,20.11231,74.1664
SUREGAON,SSRGYN,19.998678,74.605286
SIRASGAON,SSRSNN,20.15218,73.98302
SAVARGAON,SSVRNN,20.14461,74.029
S.T. COLONY,STCN,20.010567,73.763438
SATANA,STNA,20.600437,74.200068
S.T. DIVN. OFFICE,STNC,19.99526,73.78219
SATPUR,STU,19.99079,73.733169
SATYAGAON,STYGN,19.973198,74.293886
SAUKI FATA,SUISN,20.536286,74.19396
SHELU UPPER,SUR,20.332222,74.142125
SAKURI FATA,SURIFT,19.726301,74.478233
SAVKARVADI,SVAMN,20.393698,74.439248
SHIVAJI NAGAR,SVJINGNN,19.702746,73.846247
SAVALI VILLEGE,SVLSN,19.965741,73.979916
SAVARGAON,SVRAA,19.64357,74.00272
SHIVARE FATA,SVREFT,20.059497,74.143434
SAVARGAON,SVRGN,20.076927,74.470082
SAVATA NAGAR,SVTANG,20.680659,74.147815
"SWARGATE, PUNE",SWR,18.499969,73.858988
SAYAL PADA GAON,SYALIA,20.408132,73.521414
SAYNE FATA,SYEA,20.595906,74.601545
SAYKHEDA FATA,SYHNN,19.95416,74.10095
SAYAL PADA FATA,SYLDN,20.415151,73.562409
SAIYYAD PIMPRI,SYPM,20.04317,73.92941
SAYAR PADA FATA,SYRDN,20.412399,73.551281
SAYALE FATA,SYTLEFT,20.403699,73.575078
TRAMAK FATA,TAAKFT,20.00073,73.78189
THAKAR VASTI,TAARVS,18.90181,73.914
TRAMBAK VIDYA MANDR,TABTN,19.977542,73.693767
THEANGODA,TADA,20.514032,74.195729
THANGAON,TAGYN,20.134401,74.378987
TARUKHEDLE,TAKLE,19.98659,74.1507
TAKLI,TAKLINN,20.167276,74.225515
TAMBUL,TAMBUL,19.57727,74.03753
TAMASWADI,TAMS,19.98545,74.16988
THANDISAROLA,TANDIA,19.992674,74.193244
TAHARABAD,TARD,20.736603,74.14174
TADULWADI,TAUDI,20.136434,74.44863
THAKUR PADA,TAURPDTN,20.035548,73.44614
TRIMBAKESHWAR,TBK,19.934,73.53174
TIDKE VASTI,TDKEVS,20.22187,74.0051
THENGADA,TEGSN,20.521493,74.196381
TEHARE,TEHARE,20.52691,74.50402
TEMBURWADI,TEMR,19.69726,73.95829
THANA PADA,THANPD,20.122631,73.395329
TAHSIL OFFICE,THIFA,20.032011,74.491366
THANGAON,THNGAON,20.443274,73.502038
THANGAON,THNON,20.40436,73.543161
THAKKAR PADA FATA,THPFT,20.018671,73.586042
THARGAON,THRGN,20.08321,73.98097
THADISAROLE,THSRL,19.98602,74.20451
TRIAMBAK,TIMTN,19.945163,73.55333
TAKYANCHAPADA,TKADN,20.356004,73.827758
THAKKARBAPPA ASHRAM,TKAM,20.235378,73.640804
TAKED FATA,TKDIN,19.68574,73.70679
TEKADE VASTI,TKDSN,19.79932,74.1346
TAKEHARSH,TKHTN,19.883782,73.461957
TALWADE,TLATN,19.971299,73.556465
TALWADE,TLAYN,20.03344,74.64203
TALEGAON,TLGAAA,18.738885,73.681405
TALEGAON FATA,TLGDN,20.29181,73.93477
TALEGAON FATA,TLGFTN,19.961705,73.64401
TALEGAON,TLGNN,19.96143,73.64305
TALEGAON FATA,TLGNNK,19.96143,73.64305
TALEGAON ROHI,TLRH,20.186396,74.331221
TALAV,TLV,20.13842,74.18829
TAMSAVADI FATA,TMANN,19.991578,74.191744
TAMKARWADI,TMASN,19.6934,73.98902
TANGADI FATA,TNACN,20.36765,74.15446
TANGADI,TNGDI,20.391823,74.160108
TUNGALDARE,TNGLDRE,20.108043,73.764116
TANDULWADI FATA,TNUYN,20.13659,74.44853
TORANGAON,TOAON,19.999579,73.43343
TUPA DEVI,TPDEVI,19.952726,73.580991
TUPA DIVE,TPIE,19.95196,73.57404
TIRDE,TRE,19.714155,73.856722
TARULIMATHA,TRLNN,20.03333,74.23445
TORANDONGARI,TRNG,20.547897,73.53239
TARSALI FATA,TRSAAA,20.634053,74.167348
TRIMBAK VIDYA MANDIR,TRVMD,19.980608,73.711168
TISGAON,TSACN,20.296898,74.21704
TISGAON,TSADN,20.247905,73.947926
THANGAON,TTAGSN,19.69681,73.93289
TALEGAON,TTEONTN,19.96582,73.659835
TAHAKARI,TTHKAA,19.64641,73.93511
TAKED BD.,TTKDIN,19.69173,73.76649
TITVE,TTVE,20.374885,73.718351
THUBE WASTI,TUENN,20.08724,74.25083
TAVALI FATA,TVLNN,20.061276,73.783235
TALWADI VILLEGE,TWATSN,19.94972,74.044151
UMARALE FATA,UAADN,20.226535,73.793878
UMABAR PADA,UAARPD,20.551841,73.62168
UMARE MAL,UAESN,20.52886,73.662053
UPANGAR,UAGRNN,19.96862,73.81894
UGAON KHEDE,UAONIA,20.135166,74.099181
UMBARJALI NALA,UARUSD,20.571673,73.597391
UMBARPADA GAON,UARUSE,20.563568,73.601498
UMBARMAL FATA,UBARIA,20.350772,73.596564
UMBARPADA,UBARUA,20.555625,73.626577
UMBER PADA,UBERPD,20.559687,73.602271
UMBEREMAL,UBERUA,20.553687,73.640191
UMBARKON/ UBHADE,UBRINK,19.72959,73.67048
URDHUL,UDUCN,20.27146,74.219854
UGAON,UGN,20.12059,74.12915
UBHADE FATA,UHDEFT,19.72655,73.67895
UMBRADE,UMBDE,20.511796,73.542941
UMBARKHED,UMBED,20.14893,73.95718
UMBARMALI,UMBM,20.365819,73.597733
UMBARVIHIR NALA,UMBNLNSK,20.546506,73.573529
UMBAR PADA,UMBPD,20.130418,73.376414
UMBER PADA FATA,UMBPDFT,20.353316,73.861863
UMBARMALI,UMBRMLI,20.555642,73.637983
UMARALE,UMLE,20.22653,73.79379
UMARANE,UMNE,20.40781,74.3444
UMRANE,UMRNE,20.418798,74.352276
UNDIRWADI,UNIDI,20.042821,74.515013
UNANDA NAGAR,UNNGD,20.25755,73.85134
UPNAGAR,UPAR,19.96881,73.81874
UPPER TIRAL,UPRKN,20.471657,73.809233
UMBARTHAN,URHN,20.576684,73.488734
UMRALE GAON,URLDN,20.22669,73.793631
UMBARJALLI NALA,URLINL,20.571695,73.597612
UMBAR VIHIR,URVH,20.54637,73.573513
USWAD,USWD,20.336412,74.320063
UMBARTHAN FATA,UTANFT,20.591346,73.593546
VAAD,VAADCN,20.340451,74.4249
VADANGALI,VADLI,19.93542,74.13244
VAHEGAON,VAEON,20.194073,74.268057
VALUNJA,VAJA,20.019238,73.489547
VAJOL,VAJOLDN,20.381293,73.709458
VANI,VANIK,20.310289,73.920853
VARAS VIHIR,VARASVH,20.040945,73.458527
VARKHEDA,VARDA,20.22987,73.91969
VARE,VARE,20.411074,73.680217
VARVANDI FATA,VARVANDI,20.048519,73.809921
VASTI,VASTIKN,20.599046,73.963453
VALUTZIRE,VAURE,20.592535,73.594731
VAVI,VAVI,19.86717,74.1529
VADACHA MALA,VCM,20.076514,74.520554
VADBARE GAON,VDACN,20.362944,74.246163
VADGAON PINGLA,VDGAIA,19.8748,73.88117
VADZIRE FATA,VDISN,19.885703,73.987738
VADALI BHOI,VDLB,20.272274,74.093132
VADALIBHOI,VDLCN,20.281367,74.101603
VADALI BUDRUK,VDLIBD,20.23284,74.629973
VADALI,VDLNNK,20.2814,74.101887
VAGHDEV FATA,VGDDN,20.225698,73.820499
VAGHERA,VGHRA,20.06511,73.506195
VADHOLI FATA,VHLIFT,19.957711,73.622623
VEHLOLI TOWN,VHTW,20.15782,74.254766
VAITAG PADA,VIADN,20.374959,73.718337
VHIGANWADI,VIASN,19.86662,74.32125
VIRGAON,VIGON,20.655583,74.151965
VIKHARNI,VIHNI,20.15794,74.394995
VILHOLI,VINLI,19.92355,73.71585
VITAVE,VITAVE,20.258682,74.285304
VAIJAPUR,VJP,19.927065,74.730221
VAKAD GAON,VKADIA,20.01318,74.28396
VAKAD FATA,VKDNN,20.01587,74.28229
VAKE FATA,VKMN,20.49752,74.44567
VALAKEWADI,VLAKHA,20.189745,74.237246
VALKHED GAON,VLHDN,20.201989,73.830593
VALAKEVADI,VLKCN,20.191228,74.21309
VALKHED FATAATA,VLKHIA,20.22617,73.84014
VELAPOR,VLPKA,19.910081,74.332831
VELAPUR,VLPNN,20.144966,74.24102
VILVANDI FATA,VLVNDFT,20.225747,73.839913
VILVANDI PADE,VLVNDPD,20.327585,73.88776
VANJAR MULANE VILLAGE,VNADN,20.326951,73.935991
VANDANER,VNAMN,20.650836,74.407383
VANASGAON VILLEGE,VNASIA,20.1295,74.13036
VANGAN,VNASN,20.5284,73.505261
VINCHUR,VNCR,20.10156,74.2234
VINCHUR DALVI,VNDL,19.85317,73.85307
VANI,VNI,20.32735,73.88809
VANOLI,VNLI,20.634147,74.167286
VANARE GAON,VNRDN,20.374936,73.71841
VANARE FATA,VNREFT,20.337086,73.676827
VANASGAON FATA,VNSNN,20.1628,74.15563
VANHULE,VNUDN,20.370341,73.730605
VANJUL PADA,VNULPD,20.492843,73.720127
VIRGAON FATA,VRAAA,19.60002,74.04277
VARHADI,VRACN,20.33624,74.424589
VIRGAON/SAMSHERPUR FATA,VRGAKH,19.60305,74.0412
VARHANE,VRHAAA,20.48297,74.50853
VIRSHET VILLAGE,VRHKNK,20.585113,73.805611
VERUL FATA,VRLKN,20.540971,73.826729
VARANE FATA,VRNMN,20.448861,74.499726
VISAPUR,VSPYN,20.18719,74.370748
VITHAL MANDIR,VTASGR,20.410828,74.164726
VITHEVADI,VTEKN,20.509891,73.927944
VITHEWADI FATA,VTHEAA,20.4752,73.951432
VIHITGAON NAKA,VTONNK,19.93908,73.83479
VADNER,VVDECN,20.22828,74.01147
VADALI,VVDLCN,20.30555,74.14568
VAKHARI,VVKANN,20.39243,74.601919
VISAPUR,VVSPKN,20.534557,74.067331
WALKHED,WAED,20.2052,73.83145
WAKI BUDRUK,WAKIBD,20.167383,74.274734
WAKI KHURD,WAKIKH,20.167068,74.271843
WANI FATA,WANIFTYY,20.147485,74.239882
WAI BOTHI,WBT,20.116575,74.592068
WADI,WD,19.996754,73.564965
WADALI,WDLNN,20.23292,74.632571
WADANGALI FATA,WDNSN,20.034583,73.806236
WADHOLI FATA,WDONN,19.95857,73.61335
WAGHDARDI FATA,WGDCN,20.26061,74.40215
WAGHERA JAWAHAR FATA,WHJWFT,19.979945,73.479406
WALKHED FATA,WLHE,20.070133,73.805826
WANJARWADI FATA/OLANDA.,WNAIN,19.82822,73.80932
WANJARWADI,WNANN,19.81888,73.76483
WANDOHAL,WNDHL,20.507861,73.752968
WANGAN PADA FATA,WNGNPDFT,20.507456,73.509355
WANJARWADI FATA,WNJAAA,19.81002,73.79608
WARKAD VASTI,WRADVS,18.87118,73.89725
WARKHAD FATA,WRHDN,20.218774,73.833801
WADIVARHE,WRHE,19.86277,73.68504
WERKHADA FATA,WRHKN,20.54207,73.880737
WARKHADWADI,WRKH,19.64774,74.01889
WARKHADA/JAIDAR FATA,WRKHAA,20.530136,73.902586
WARLYACH FATA,WRYSN,20.622861,74.028538
WAVI / SHIRDI FATA,WSF,19.83672,74.00471
WATER SUPPLY STATION,WTSTN,20.246295,74.406328
WARUDI FATA,WUDIFT,19.42679,74.20392
WAVI VES,WVV,19.84533,74.00277
WAHEGAON,WWHGCN,20.19371,74.26833
YEOLA,YLA,20.04507,74.48458
YERNDGAON,YRDYN,20.05114,74.40252
ZADI,ZADIC,20.383291,74.416821
ZODGA,ZDACB,19.8747,74.2168
ZODGA,ZDGA,20.635443,74.652368
ZODAGE,ZDGE,20.6633,74.67528
ZODAGE,ZOG,20.663571,74.675295
Z P HIGH SCHOOL,ZPHSC,19.983461,73.453063
